employee_id,project_id,role,hours_allocated,hours_worked
1111,301,Analyst,256,71
1011,301,Developer,397,153
1106,301,Coordinator,73,200
1100,301,Tester,348,300
1063,301,Designer,207,252
1061,301,Designer,54,46
1095,301,Designer,368,114
1053,301,Designer,267,348
1001,302,Coordinator,82,76
1052,302,Developer,167,284
1026,302,Designer,372,86
1081,302,Coordinator,391,230
1040,302,Analyst,271,264
1041,302,Designer,108,153
1088,303,Developer,83,232
1076,303,Analyst,133,221
1106,303,Tester,332,134
1042,303,Lead,51,305
1103,303,Designer,353,340
1037,303,Developer,85,256
1034,304,Tester,347,153
1090,304,Developer,85,208
1110,304,Developer,330,80
1022,304,Lead,309,242
1007,304,Tester,384,273
1052,304,Lead,154,124
1080,304,Developer,176,167
1049,305,Developer,254,112
1017,305,Tester,114,34
1056,305,Analyst,174,140
1110,305,Coordinator,270,147
1027,305,Analyst,338,254
1077,305,Lead,45,260
1028,305,Developer,205,223
1106,305,Designer,148,216
1037,305,Designer,256,325
1094,305,Analyst,77,68
1087,305,Coordinator,70,46
1120,306,Designer,63,22
1031,306,Analyst,298,337
1061,306,Tester,194,222
1117,306,Designer,229,87
1046,306,Coordinator,61,317
1078,306,Developer,173,106
1086,306,Coordinator,292,193
1103,306,Tester,107,65
1077,306,Analyst,311,241
1034,307,Analyst,224,240
1015,307,Analyst,174,333
1041,307,Analyst,304,180
1006,307,Tester,124,181
1017,307,Designer,291,97
1064,307,Coordinator,376,345
1007,308,Tester,99,273
1025,308,Lead,266,202
1020,308,Designer,327,268
1030,308,Tester,292,77
1024,308,Designer,115,83
1005,308,Analyst,87,124
1061,308,Analyst,132,106
1034,308,Designer,300,159
1021,308,Coordinator,379,319
1091,308,Developer,338,22
1060,308,Coordinator,332,112
