order_item_id,order_id,product_id,quantity,unit_price,discount
1,10001,2012,4,21.94,0.05
2,10002,2061,1,229.2,0.05
3,10002,2008,4,284.76,0.15
4,10002,2002,3,266.42,0.1
5,10002,2022,1,289.17,0.1
6,10003,2030,2,172.92,0.15
7,10004,2061,1,229.2,0.0
8,10004,2035,3,160.6,0.0
9,10004,2006,2,135.45,0.1
10,10004,2010,2,188.17,0.15
11,10004,2036,4,280.09,0.0
12,10005,2021,3,38.07,0.05
13,10005,2031,2,156.22,0.15
14,10005,2050,1,210.16,0.1
15,10006,2007,2,54.36,0.0
16,10006,2013,3,86.74,0.1
17,10006,2056,4,211.88,0.0
18,10007,2035,4,160.6,0.05
19,10008,2046,4,162.38,0.0
20,10008,2049,4,283.02,0.0
21,10009,2038,2,96.93,0.05
22,10009,2032,2,292.76,0.15
23,10009,2010,4,188.17,0.0
24,10009,2011,3,283.06,0.0
25,10009,2035,1,160.6,0.0
26,10010,2057,1,24.71,0.0
27,10010,2047,1,109.26,0.0
28,10010,2035,4,160.6,0.05
29,10011,2066,3,141.75,0.1
30,10011,2053,1,286.83,0.1
31,10011,2014,3,195.3,0.05
32,10011,2004,1,291.98,0.0
33,10011,2012,4,21.94,0.05
34,10012,2032,2,292.76,0.15
35,10013,2022,3,289.17,0.05
36,10013,2018,2,259.82,0.0
37,10013,2035,2,160.6,0.05
38,10013,2039,3,294.16,0.05
39,10014,2062,3,199.16,0.0
40,10014,2010,4,188.17,0.1
41,10014,2047,2,109.26,0.05
42,10015,2018,3,259.82,0.0
43,10016,2043,2,15.48,0.0
44,10016,2049,3,283.02,0.1
45,10016,2057,2,24.71,0.05
46,10016,2056,3,211.88,0.0
47,10017,2041,3,179.21,0.05
48,10017,2038,3,96.93,0.05
49,10017,2063,3,131.18,0.0
50,10017,2032,2,292.76,0.1
51,10018,2024,3,145.37,0.15
52,10018,2004,1,291.98,0.05
53,10018,2060,4,199.33,0.0
54,10018,2027,3,265.87,0.0
55,10018,2057,3,24.71,0.15
56,10019,2055,1,226.72,0.05
57,10019,2049,4,283.02,0.1
58,10020,2069,1,223.61,0.0
59,10020,2065,1,12.68,0.0
60,10020,2054,2,287.03,0.15
61,10020,2070,3,187.17,0.0
62,10021,2006,1,135.45,0.0
63,10021,2052,3,176.3,0.0
64,10021,2043,2,15.48,0.05
65,10021,2056,3,211.88,0.05
66,10021,2014,4,195.3,0.15
67,10022,2065,1,12.68,0.0
68,10022,2020,4,80.09,0.0
69,10022,2045,1,214.66,0.15
70,10022,2004,2,291.98,0.0
71,10022,2062,3,199.16,0.0
72,10023,2027,4,265.87,0.0
73,10023,2067,4,256.8,0.15
74,10023,2062,4,199.16,0.0
75,10023,2045,1,214.66,0.0
76,10024,2015,1,150.04,0.0
77,10025,2022,2,289.17,0.1
78,10026,2021,4,38.07,0.05
79,10026,2043,2,15.48,0.05
80,10027,2024,4,145.37,0.0
81,10027,2056,2,211.88,0.05
82,10028,2055,3,226.72,0.15
83,10028,2050,1,210.16,0.1
84,10028,2001,1,116.97,0.1
85,10028,2028,2,12.36,0.0
86,10028,2027,3,265.87,0.0
87,10029,2015,3,150.04,0.1
88,10029,2034,4,21.66,0.1
89,10029,2063,4,131.18,0.1
90,10029,2068,1,57.11,0.0
91,10030,2059,1,11.49,0.15
92,10030,2023,2,219.12,0.0
93,10030,2039,1,294.16,0.0
94,10031,2015,2,150.04,0.1
95,10031,2024,4,145.37,0.05
96,10031,2048,2,150.4,0.1
97,10032,2055,2,226.72,0.1
98,10032,2024,2,145.37,0.05
99,10032,2063,3,131.18,0.0
100,10032,2069,2,223.61,0.0
101,10033,2007,2,54.36,0.0
102,10033,2046,4,162.38,0.1
103,10033,2002,4,266.42,0.05
104,10033,2063,4,131.18,0.05
105,10034,2063,2,131.18,0.0
106,10034,2022,1,289.17,0.0
107,10034,2011,2,283.06,0.1
108,10034,2004,3,291.98,0.0
109,10035,2064,3,238.5,0.1
110,10035,2066,1,141.75,0.15
111,10035,2015,4,150.04,0.1
112,10035,2035,2,160.6,0.05
113,10036,2032,3,292.76,0.0
114,10037,2034,1,21.66,0.0
115,10037,2045,2,214.66,0.15
116,10037,2012,3,21.94,0.15
117,10037,2057,4,24.71,0.0
118,10038,2018,3,259.82,0.1
119,10038,2027,2,265.87,0.0
120,10038,2008,3,284.76,0.0
121,10038,2045,3,214.66,0.1
122,10038,2069,1,223.61,0.0
123,10039,2008,2,284.76,0.15
124,10039,2036,3,280.09,0.0
125,10039,2017,4,150.42,0.05
126,10039,2032,2,292.76,0.1
127,10040,2054,1,287.03,0.15
128,10040,2049,1,283.02,0.05
129,10040,2058,3,39.05,0.15
130,10041,2059,1,11.49,0.15
131,10041,2063,1,131.18,0.15
132,10041,2042,4,248.27,0.15
133,10042,2009,2,66.92,0.05
134,10042,2069,2,223.61,0.05
135,10042,2051,3,280.76,0.0
136,10043,2044,3,129.0,0.15
137,10043,2017,1,150.42,0.0
138,10043,2063,1,131.18,0.15
139,10044,2003,4,129.12,0.0
140,10044,2016,4,141.52,0.0
141,10044,2021,2,38.07,0.15
142,10044,2057,3,24.71,0.0
143,10045,2012,1,21.94,0.0
144,10045,2047,2,109.26,0.0
145,10045,2033,4,282.29,0.15
146,10046,2030,1,172.92,0.0
147,10046,2055,2,226.72,0.05
148,10046,2012,1,21.94,0.0
149,10047,2029,1,231.51,0.05
150,10047,2067,2,256.8,0.05
151,10047,2057,1,24.71,0.0
152,10047,2002,4,266.42,0.0
153,10047,2044,1,129.0,0.0
154,10048,2048,4,150.4,0.0
155,10048,2039,2,294.16,0.0
156,10048,2018,1,259.82,0.1
157,10049,2057,2,24.71,0.15
158,10049,2045,2,214.66,0.05
159,10050,2057,1,24.71,0.1
160,10050,2028,4,12.36,0.0
161,10050,2012,4,21.94,0.0
162,10050,2013,2,86.74,0.0
163,10050,2018,3,259.82,0.15
164,10051,2032,3,292.76,0.15
165,10052,2039,2,294.16,0.1
166,10053,2066,2,141.75,0.05
167,10053,2025,4,284.11,0.0
168,10053,2051,2,280.76,0.05
169,10053,2038,1,96.93,0.1
170,10053,2007,1,54.36,0.0
171,10054,2017,3,150.42,0.1
172,10054,2050,2,210.16,0.05
173,10054,2054,1,287.03,0.0
174,10055,2009,1,66.92,0.05
175,10055,2002,3,266.42,0.15
176,10055,2034,4,21.66,0.05
177,10055,2028,4,12.36,0.0
178,10055,2006,2,135.45,0.0
179,10056,2040,1,147.62,0.1
180,10057,2020,3,80.09,0.05
181,10057,2069,1,223.61,0.0
182,10058,2031,4,156.22,0.0
183,10058,2008,4,284.76,0.1
184,10058,2032,1,292.76,0.0
185,10058,2012,2,21.94,0.0
186,10059,2018,1,259.82,0.0
187,10060,2045,3,214.66,0.0
188,10060,2067,3,256.8,0.15
189,10060,2034,1,21.66,0.0
190,10060,2022,3,289.17,0.05
191,10061,2068,1,57.11,0.05
192,10061,2009,4,66.92,0.1
193,10061,2034,3,21.66,0.0
194,10062,2022,1,289.17,0.1
195,10062,2048,1,150.4,0.0
196,10062,2021,1,38.07,0.0
197,10062,2033,1,282.29,0.0
198,10063,2061,3,229.2,0.05
199,10064,2023,4,219.12,0.0
200,10064,2005,3,109.9,0.0
201,10065,2041,1,179.21,0.1
202,10065,2035,1,160.6,0.0
203,10065,2010,2,188.17,0.1
204,10065,2048,1,150.4,0.05
205,10066,2060,3,199.33,0.0
206,10067,2012,3,21.94,0.0
207,10067,2059,3,11.49,0.1
208,10067,2002,3,266.42,0.15
209,10068,2032,2,292.76,0.0
210,10068,2060,1,199.33,0.05
211,10068,2048,1,150.4,0.0
212,10068,2064,3,238.5,0.15
213,10068,2026,1,179.16,0.0
214,10069,2049,3,283.02,0.0
215,10070,2068,4,57.11,0.05
216,10070,2031,1,156.22,0.0
217,10071,2012,4,21.94,0.15
218,10071,2006,3,135.45,0.05
219,10071,2030,1,172.92,0.1
220,10072,2065,2,12.68,0.15
221,10073,2010,2,188.17,0.0
222,10073,2008,3,284.76,0.0
223,10073,2056,4,211.88,0.15
224,10073,2017,3,150.42,0.0
225,10074,2035,2,160.6,0.1
226,10074,2030,1,172.92,0.0
227,10074,2010,1,188.17,0.0
228,10074,2026,4,179.16,0.05
229,10075,2053,3,286.83,0.0
230,10075,2016,4,141.52,0.0
231,10075,2069,4,223.61,0.0
232,10076,2012,2,21.94,0.15
233,10077,2006,2,135.45,0.0
234,10077,2028,2,12.36,0.0
235,10077,2042,4,248.27,0.1
236,10078,2039,3,294.16,0.0
237,10079,2052,4,176.3,0.1
238,10080,2032,1,292.76,0.0
239,10080,2013,1,86.74,0.0
240,10080,2060,2,199.33,0.0
241,10080,2014,4,195.3,0.0
242,10080,2018,1,259.82,0.1
243,10081,2034,4,21.66,0.0
244,10081,2010,1,188.17,0.0
245,10081,2003,1,129.12,0.0
246,10081,2009,4,66.92,0.0
247,10081,2026,2,179.16,0.1
248,10082,2051,4,280.76,0.0
249,10082,2064,3,238.5,0.0
250,10082,2004,2,291.98,0.0
251,10082,2049,3,283.02,0.05
252,10083,2005,3,109.9,0.05
253,10083,2032,4,292.76,0.1
254,10084,2008,2,284.76,0.05
255,10084,2012,2,21.94,0.15
256,10084,2036,2,280.09,0.15
257,10084,2050,1,210.16,0.05
258,10085,2062,3,199.16,0.1
259,10085,2070,3,187.17,0.05
260,10085,2063,3,131.18,0.0
261,10086,2041,2,179.21,0.0
262,10087,2008,3,284.76,0.1
263,10087,2061,2,229.2,0.0
264,10087,2068,1,57.11,0.0
265,10088,2035,1,160.6,0.0
266,10088,2069,4,223.61,0.0
267,10089,2023,3,219.12,0.15
268,10089,2031,3,156.22,0.1
269,10090,2046,2,162.38,0.1
270,10091,2064,3,238.5,0.0
271,10091,2070,4,187.17,0.0
272,10092,2008,2,284.76,0.1
273,10093,2003,4,129.12,0.0
274,10093,2068,3,57.11,0.1
275,10094,2017,2,150.42,0.0
276,10094,2044,1,129.0,0.0
277,10095,2019,3,47.91,0.0
278,10095,2015,3,150.04,0.15
279,10096,2013,2,86.74,0.0
280,10096,2044,4,129.0,0.15
281,10096,2039,4,294.16,0.15
282,10096,2042,3,248.27,0.0
283,10097,2046,3,162.38,0.0
284,10097,2029,2,231.51,0.15
285,10097,2023,1,219.12,0.15
286,10097,2049,4,283.02,0.1
287,10097,2040,1,147.62,0.0
288,10098,2041,3,179.21,0.15
289,10098,2029,1,231.51,0.0
290,10098,2014,3,195.3,0.0
291,10098,2064,2,238.5,0.15
292,10098,2019,1,47.91,0.15
293,10099,2058,2,39.05,0.0
294,10099,2002,1,266.42,0.0
295,10099,2034,3,21.66,0.0
296,10100,2007,4,54.36,0.05
297,10101,2022,3,289.17,0.1
298,10101,2053,4,286.83,0.0
299,10101,2064,4,238.5,0.1
300,10101,2049,2,283.02,0.0
301,10102,2010,3,188.17,0.0
302,10102,2005,1,109.9,0.0
303,10102,2038,3,96.93,0.0
304,10102,2003,4,129.12,0.0
305,10103,2012,3,21.94,0.1
306,10104,2062,1,199.16,0.0
307,10104,2004,3,291.98,0.0
308,10104,2056,2,211.88,0.05
309,10104,2022,3,289.17,0.15
310,10104,2021,3,38.07,0.0
311,10105,2013,4,86.74,0.1
312,10105,2007,4,54.36,0.0
313,10106,2047,1,109.26,0.05
314,10107,2038,4,96.93,0.0
315,10108,2004,2,291.98,0.0
316,10109,2011,3,283.06,0.05
317,10109,2061,4,229.2,0.05
318,10109,2015,3,150.04,0.0
319,10110,2050,1,210.16,0.0
320,10110,2024,4,145.37,0.05
321,10110,2048,3,150.4,0.0
322,10110,2049,3,283.02,0.1
323,10110,2058,1,39.05,0.0
324,10111,2011,3,283.06,0.1
325,10112,2030,4,172.92,0.1
326,10112,2008,4,284.76,0.1
327,10112,2050,2,210.16,0.05
328,10112,2067,3,256.8,0.0
329,10113,2005,1,109.9,0.05
330,10113,2065,2,12.68,0.0
331,10113,2067,2,256.8,0.0
332,10113,2019,2,47.91,0.0
333,10114,2011,3,283.06,0.0
334,10114,2056,1,211.88,0.0
335,10114,2026,4,179.16,0.1
336,10114,2019,4,47.91,0.1
337,10115,2036,1,280.09,0.15
338,10115,2067,4,256.8,0.0
339,10115,2059,4,11.49,0.0
340,10116,2013,1,86.74,0.0
341,10116,2014,3,195.3,0.05
342,10117,2050,1,210.16,0.0
343,10117,2063,3,131.18,0.05
344,10117,2061,2,229.2,0.1
345,10118,2052,1,176.3,0.15
346,10118,2005,4,109.9,0.0
347,10118,2051,3,280.76,0.0
348,10118,2043,3,15.48,0.0
349,10118,2031,3,156.22,0.0
350,10119,2013,4,86.74,0.0
351,10119,2030,3,172.92,0.15
352,10119,2018,4,259.82,0.1
353,10119,2039,1,294.16,0.0
354,10120,2028,3,12.36,0.0
355,10120,2053,2,286.83,0.0
356,10120,2063,3,131.18,0.15
357,10120,2067,4,256.8,0.0
358,10121,2004,2,291.98,0.0
359,10121,2023,4,219.12,0.0
360,10121,2025,3,284.11,0.15
361,10121,2026,2,179.16,0.0
362,10121,2008,3,284.76,0.05
363,10122,2051,4,280.76,0.1
364,10122,2016,4,141.52,0.0
365,10122,2004,4,291.98,0.1
366,10122,2031,3,156.22,0.0
367,10122,2048,2,150.4,0.0
368,10123,2037,1,107.54,0.05
369,10124,2021,2,38.07,0.0
370,10125,2027,4,265.87,0.1
371,10125,2035,1,160.6,0.15
372,10126,2061,2,229.2,0.15
373,10127,2002,3,266.42,0.1
374,10127,2029,3,231.51,0.15
375,10128,2055,4,226.72,0.0
376,10128,2049,2,283.02,0.05
377,10128,2045,3,214.66,0.15
378,10129,2051,3,280.76,0.0
379,10129,2014,1,195.3,0.05
380,10129,2001,1,116.97,0.0
381,10129,2066,3,141.75,0.15
382,10129,2048,3,150.4,0.0
383,10130,2039,2,294.16,0.0
384,10130,2025,4,284.11,0.15
385,10130,2020,3,80.09,0.15
386,10131,2004,3,291.98,0.0
387,10131,2064,4,238.5,0.05
388,10132,2005,4,109.9,0.15
389,10132,2025,3,284.11,0.1
390,10132,2044,3,129.0,0.0
391,10132,2029,2,231.51,0.0
392,10133,2061,2,229.2,0.15
393,10134,2024,2,145.37,0.0
394,10134,2043,2,15.48,0.15
395,10134,2012,3,21.94,0.05
396,10135,2048,4,150.4,0.0
397,10135,2034,4,21.66,0.0
398,10135,2038,1,96.93,0.05
399,10136,2065,4,12.68,0.1
400,10136,2016,3,141.52,0.05
401,10137,2020,2,80.09,0.0
402,10138,2053,3,286.83,0.15
403,10138,2059,2,11.49,0.0
404,10138,2019,4,47.91,0.0
405,10139,2041,1,179.21,0.05
406,10139,2008,3,284.76,0.0
407,10140,2021,1,38.07,0.0
408,10140,2063,4,131.18,0.15
409,10141,2052,1,176.3,0.0
410,10141,2055,2,226.72,0.15
411,10141,2062,3,199.16,0.0
412,10141,2050,3,210.16,0.1
413,10142,2003,2,129.12,0.0
414,10142,2001,3,116.97,0.0
415,10143,2014,3,195.3,0.0
416,10143,2050,1,210.16,0.0
417,10144,2038,3,96.93,0.05
418,10144,2059,2,11.49,0.0
419,10144,2067,4,256.8,0.0
420,10145,2022,1,289.17,0.0
421,10145,2052,2,176.3,0.15
422,10146,2028,2,12.36,0.0
423,10146,2003,3,129.12,0.15
424,10147,2049,3,283.02,0.1
425,10148,2007,4,54.36,0.05
426,10148,2014,1,195.3,0.1
427,10148,2003,3,129.12,0.05
428,10148,2015,2,150.04,0.0
429,10148,2054,1,287.03,0.0
430,10149,2013,4,86.74,0.0
431,10149,2067,1,256.8,0.0
432,10149,2035,1,160.6,0.0
433,10149,2018,4,259.82,0.0
434,10150,2026,3,179.16,0.0
435,10150,2034,1,21.66,0.1
436,10150,2067,4,256.8,0.0
437,10150,2046,4,162.38,0.0
438,10150,2053,2,286.83,0.0
439,10151,2012,1,21.94,0.1
440,10152,2020,1,80.09,0.0
441,10152,2012,2,21.94,0.05
442,10152,2066,3,141.75,0.0
443,10152,2010,4,188.17,0.0
444,10153,2023,1,219.12,0.0
445,10154,2041,1,179.21,0.0
446,10154,2055,1,226.72,0.0
447,10154,2015,2,150.04,0.0
448,10155,2057,3,24.71,0.0
449,10155,2035,2,160.6,0.0
450,10155,2012,4,21.94,0.05
451,10156,2035,2,160.6,0.0
452,10156,2050,2,210.16,0.15
453,10156,2062,1,199.16,0.0
454,10156,2054,1,287.03,0.05
455,10157,2062,1,199.16,0.15
456,10157,2057,2,24.71,0.05
457,10157,2024,4,145.37,0.0
458,10157,2049,4,283.02,0.05
459,10157,2046,1,162.38,0.0
460,10158,2041,2,179.21,0.15
461,10158,2002,3,266.42,0.1
462,10158,2068,1,57.11,0.05
463,10159,2062,4,199.16,0.0
464,10159,2045,1,214.66,0.0
465,10160,2065,4,12.68,0.0
466,10160,2061,1,229.2,0.05
467,10161,2031,1,156.22,0.1
468,10161,2043,2,15.48,0.1
469,10161,2036,4,280.09,0.05
470,10162,2011,4,283.06,0.1
471,10162,2059,4,11.49,0.0
472,10163,2058,1,39.05,0.0
473,10163,2041,4,179.21,0.05
474,10163,2016,1,141.52,0.1
475,10163,2064,1,238.5,0.0
476,10164,2039,3,294.16,0.0
477,10164,2066,2,141.75,0.05
478,10164,2027,3,265.87,0.1
479,10164,2059,4,11.49,0.15
480,10164,2044,3,129.0,0.15
481,10165,2015,3,150.04,0.0
482,10165,2013,3,86.74,0.1
483,10165,2029,3,231.51,0.15
484,10165,2001,1,116.97,0.0
485,10166,2064,4,238.5,0.0
486,10166,2018,3,259.82,0.1
487,10167,2025,4,284.11,0.0
488,10167,2016,4,141.52,0.0
489,10168,2014,1,195.3,0.05
490,10168,2054,4,287.03,0.15
491,10168,2006,2,135.45,0.05
492,10169,2068,1,57.11,0.1
493,10170,2062,1,199.16,0.05
494,10170,2066,3,141.75,0.1
495,10170,2023,4,219.12,0.05
496,10170,2017,2,150.42,0.0
497,10171,2044,2,129.0,0.05
498,10171,2038,3,96.93,0.15
499,10171,2058,3,39.05,0.15
500,10171,2018,2,259.82,0.0
501,10172,2038,2,96.93,0.15
502,10172,2045,2,214.66,0.1
503,10173,2042,3,248.27,0.05
504,10173,2015,1,150.04,0.1
505,10173,2046,1,162.38,0.0
506,10173,2062,4,199.16,0.0
507,10173,2054,1,287.03,0.15
508,10174,2026,3,179.16,0.0
509,10175,2033,3,282.29,0.0
510,10175,2019,1,47.91,0.0
511,10175,2008,4,284.76,0.0
512,10176,2029,1,231.51,0.05
513,10176,2050,4,210.16,0.05
514,10176,2031,3,156.22,0.1
515,10176,2066,1,141.75,0.0
516,10176,2037,3,107.54,0.0
517,10177,2057,2,24.71,0.0
518,10177,2029,4,231.51,0.0
519,10177,2048,1,150.4,0.0
520,10177,2070,2,187.17,0.15
521,10177,2026,1,179.16,0.05
522,10178,2055,3,226.72,0.1
523,10179,2017,1,150.42,0.0
524,10179,2021,4,38.07,0.15
525,10179,2033,2,282.29,0.0
526,10180,2042,3,248.27,0.05
527,10180,2007,3,54.36,0.0
528,10181,2068,1,57.11,0.1
529,10181,2029,2,231.51,0.05
530,10181,2024,4,145.37,0.0
531,10182,2029,3,231.51,0.0
532,10182,2028,3,12.36,0.0
533,10182,2043,4,15.48,0.1
534,10183,2015,3,150.04,0.05
535,10184,2032,3,292.76,0.05
536,10184,2006,1,135.45,0.05
537,10185,2070,3,187.17,0.1
538,10185,2037,4,107.54,0.05
539,10185,2004,1,291.98,0.0
540,10186,2042,1,248.27,0.0
541,10186,2066,2,141.75,0.1
542,10187,2001,1,116.97,0.0
543,10187,2009,4,66.92,0.15
544,10187,2027,1,265.87,0.15
545,10187,2028,2,12.36,0.0
546,10187,2055,4,226.72,0.15
547,10188,2005,1,109.9,0.0
548,10188,2012,3,21.94,0.1
549,10188,2010,1,188.17,0.1
550,10189,2034,4,21.66,0.05
551,10189,2053,4,286.83,0.05
552,10190,2003,1,129.12,0.15
553,10190,2050,1,210.16,0.15
554,10190,2016,1,141.52,0.15
555,10191,2046,1,162.38,0.0
556,10192,2012,4,21.94,0.05
557,10192,2037,1,107.54,0.05
558,10192,2057,2,24.71,0.1
559,10193,2018,3,259.82,0.15
560,10193,2051,2,280.76,0.0
561,10194,2002,1,266.42,0.0
562,10194,2019,4,47.91,0.1
563,10194,2016,1,141.52,0.0
564,10195,2045,4,214.66,0.15
565,10195,2028,2,12.36,0.0
566,10196,2029,2,231.51,0.0
567,10196,2033,2,282.29,0.15
568,10197,2007,3,54.36,0.0
569,10197,2060,2,199.33,0.15
570,10197,2010,4,188.17,0.0
571,10197,2038,3,96.93,0.0
572,10197,2009,2,66.92,0.0
573,10198,2009,4,66.92,0.05
574,10198,2025,3,284.11,0.1
575,10198,2041,3,179.21,0.15
576,10199,2020,1,80.09,0.0
577,10199,2047,2,109.26,0.0
578,10199,2041,4,179.21,0.0
579,10199,2055,3,226.72,0.0
580,10199,2022,3,289.17,0.05
581,10200,2058,1,39.05,0.0
582,10200,2046,1,162.38,0.0
583,10200,2040,2,147.62,0.1
584,10200,2063,2,131.18,0.0
585,10201,2010,1,188.17,0.1
586,10202,2052,2,176.3,0.0
587,10203,2034,4,21.66,0.0
588,10203,2070,3,187.17,0.0
589,10203,2061,4,229.2,0.1
590,10203,2020,1,80.09,0.05
591,10203,2047,3,109.26,0.1
592,10204,2031,2,156.22,0.1
593,10205,2058,2,39.05,0.1
594,10205,2021,2,38.07,0.15
595,10206,2046,2,162.38,0.0
596,10206,2006,3,135.45,0.0
597,10206,2029,2,231.51,0.0
598,10206,2063,2,131.18,0.1
599,10207,2050,1,210.16,0.0
600,10207,2061,3,229.2,0.0
601,10207,2059,3,11.49,0.15
602,10208,2070,4,187.17,0.0
603,10208,2023,1,219.12,0.1
604,10208,2049,3,283.02,0.05
605,10209,2067,3,256.8,0.0
606,10209,2052,4,176.3,0.05
607,10210,2001,2,116.97,0.0
608,10210,2065,3,12.68,0.0
609,10210,2018,2,259.82,0.0
610,10210,2057,2,24.71,0.0
611,10210,2022,1,289.17,0.15
612,10211,2054,1,287.03,0.05
613,10211,2043,4,15.48,0.05
614,10212,2021,1,38.07,0.0
615,10212,2053,1,286.83,0.0
616,10213,2021,1,38.07,0.0
617,10213,2018,3,259.82,0.0
618,10213,2066,4,141.75,0.1
619,10213,2006,1,135.45,0.15
620,10213,2019,3,47.91,0.0
621,10214,2058,4,39.05,0.0
622,10214,2061,2,229.2,0.05
623,10215,2019,3,47.91,0.05
624,10215,2024,1,145.37,0.0
625,10215,2066,4,141.75,0.05
626,10215,2034,2,21.66,0.0
627,10215,2022,1,289.17,0.0
628,10216,2065,4,12.68,0.1
629,10216,2054,1,287.03,0.1
630,10216,2020,1,80.09,0.0
631,10216,2013,4,86.74,0.15
632,10216,2023,2,219.12,0.1
633,10217,2001,1,116.97,0.15
634,10217,2056,4,211.88,0.0
635,10217,2067,4,256.8,0.05
636,10217,2054,3,287.03,0.1
637,10217,2048,1,150.4,0.05
638,10218,2033,2,282.29,0.0
639,10218,2062,3,199.16,0.1
640,10219,2053,1,286.83,0.1
641,10219,2033,1,282.29,0.05
642,10219,2025,2,284.11,0.15
643,10219,2001,3,116.97,0.05
644,10219,2067,3,256.8,0.0
645,10220,2055,3,226.72,0.1
646,10220,2033,4,282.29,0.1
647,10221,2036,4,280.09,0.1
648,10221,2051,4,280.76,0.0
649,10221,2027,3,265.87,0.1
650,10222,2062,2,199.16,0.15
651,10222,2033,1,282.29,0.15
652,10222,2040,2,147.62,0.05
653,10222,2045,2,214.66,0.0
654,10222,2051,2,280.76,0.1
655,10223,2044,1,129.0,0.0
656,10223,2007,2,54.36,0.05
657,10223,2021,4,38.07,0.0
658,10223,2050,1,210.16,0.0
659,10224,2048,1,150.4,0.15
660,10224,2011,4,283.06,0.05
661,10225,2067,4,256.8,0.0
662,10225,2037,2,107.54,0.15
663,10225,2008,3,284.76,0.0
664,10225,2023,1,219.12,0.1
665,10225,2064,2,238.5,0.1
666,10226,2005,2,109.9,0.15
667,10226,2047,1,109.26,0.0
668,10227,2036,4,280.09,0.0
669,10228,2052,1,176.3,0.0
670,10228,2026,3,179.16,0.15
671,10228,2067,3,256.8,0.0
672,10228,2002,3,266.42,0.0
673,10229,2025,2,284.11,0.05
674,10229,2059,1,11.49,0.1
675,10229,2052,1,176.3,0.1
676,10229,2001,3,116.97,0.0
677,10229,2034,1,21.66,0.1
678,10230,2069,4,223.61,0.1
679,10230,2033,4,282.29,0.0
680,10230,2057,3,24.71,0.05
681,10231,2004,1,291.98,0.05
682,10231,2062,2,199.16,0.15
683,10231,2015,2,150.04,0.0
684,10231,2034,4,21.66,0.0
685,10232,2069,1,223.61,0.05
686,10232,2002,3,266.42,0.0
687,10232,2034,2,21.66,0.05
688,10232,2032,3,292.76,0.0
689,10232,2037,2,107.54,0.1
690,10233,2024,2,145.37,0.0
691,10233,2025,2,284.11,0.0
692,10233,2064,2,238.5,0.0
693,10234,2032,2,292.76,0.0
694,10234,2046,1,162.38,0.0
695,10235,2001,3,116.97,0.1
696,10235,2070,3,187.17,0.05
697,10235,2006,3,135.45,0.05
698,10235,2062,2,199.16,0.1
699,10236,2051,1,280.76,0.1
700,10236,2029,4,231.51,0.05
701,10236,2017,1,150.42,0.1
702,10237,2051,1,280.76,0.15
703,10237,2023,4,219.12,0.0
704,10237,2059,1,11.49,0.0
705,10238,2049,3,283.02,0.0
706,10238,2013,3,86.74,0.0
707,10239,2034,3,21.66,0.0
708,10239,2031,4,156.22,0.05
709,10239,2035,2,160.6,0.05
710,10239,2061,3,229.2,0.0
711,10239,2044,4,129.0,0.0
712,10240,2024,3,145.37,0.0
713,10240,2017,4,150.42,0.05
714,10240,2030,2,172.92,0.0
715,10240,2013,2,86.74,0.05
716,10241,2023,4,219.12,0.05
717,10242,2067,3,256.8,0.05
718,10242,2069,3,223.61,0.0
719,10243,2007,2,54.36,0.0
720,10243,2051,4,280.76,0.15
721,10243,2013,1,86.74,0.05
722,10243,2021,3,38.07,0.0
723,10243,2008,3,284.76,0.0
724,10244,2033,3,282.29,0.15
725,10244,2045,2,214.66,0.1
726,10244,2003,2,129.12,0.0
727,10244,2053,3,286.83,0.0
728,10244,2016,4,141.52,0.15
729,10245,2011,2,283.06,0.0
730,10245,2049,3,283.02,0.05
731,10245,2037,4,107.54,0.0
732,10245,2060,1,199.33,0.0
733,10246,2030,3,172.92,0.1
734,10246,2041,4,179.21,0.0
735,10246,2038,4,96.93,0.0
736,10247,2067,1,256.8,0.0
737,10247,2058,2,39.05,0.15
738,10247,2053,3,286.83,0.15
739,10247,2022,1,289.17,0.0
740,10247,2024,2,145.37,0.05
741,10248,2013,1,86.74,0.05
742,10249,2007,1,54.36,0.0
743,10249,2004,2,291.98,0.0
744,10249,2051,4,280.76,0.0
745,10249,2068,2,57.11,0.0
746,10249,2011,3,283.06,0.05
747,10250,2017,2,150.42,0.0
748,10250,2068,1,57.11,0.15
749,10251,2042,3,248.27,0.1
750,10251,2061,4,229.2,0.0
751,10251,2060,2,199.33,0.1
752,10252,2059,3,11.49,0.05
753,10252,2056,2,211.88,0.0
754,10252,2068,4,57.11,0.0
755,10252,2069,3,223.61,0.05
756,10252,2040,3,147.62,0.0
757,10253,2002,2,266.42,0.0
758,10253,2001,3,116.97,0.05
759,10253,2067,1,256.8,0.15
760,10254,2062,3,199.16,0.1
761,10254,2039,2,294.16,0.0
762,10254,2002,3,266.42,0.0
763,10254,2056,4,211.88,0.1
764,10255,2051,4,280.76,0.0
765,10255,2032,3,292.76,0.0
766,10255,2021,4,38.07,0.15
767,10255,2050,2,210.16,0.1
768,10256,2035,1,160.6,0.0
769,10256,2037,2,107.54,0.0
770,10256,2069,1,223.61,0.15
771,10256,2053,4,286.83,0.1
772,10256,2025,4,284.11,0.0
773,10257,2063,1,131.18,0.1
774,10257,2025,1,284.11,0.0
775,10257,2042,1,248.27,0.0
776,10257,2003,3,129.12,0.0
777,10257,2020,4,80.09,0.15
778,10258,2030,1,172.92,0.0
779,10259,2064,2,238.5,0.0
780,10260,2040,1,147.62,0.0
781,10260,2064,1,238.5,0.0
782,10260,2048,1,150.4,0.0
783,10260,2060,4,199.33,0.0
784,10261,2061,1,229.2,0.0
785,10261,2024,2,145.37,0.05
786,10261,2025,4,284.11,0.0
787,10261,2033,1,282.29,0.0
788,10261,2049,4,283.02,0.15
789,10262,2067,2,256.8,0.05
790,10263,2040,1,147.62,0.0
791,10263,2042,4,248.27,0.15
792,10263,2021,3,38.07,0.0
793,10263,2006,3,135.45,0.0
794,10264,2015,4,150.04,0.0
795,10264,2031,1,156.22,0.0
796,10265,2016,1,141.52,0.0
797,10265,2051,4,280.76,0.15
798,10265,2032,2,292.76,0.0
799,10266,2032,2,292.76,0.05
800,10267,2044,1,129.0,0.0
801,10268,2020,2,80.09,0.05
802,10268,2069,2,223.61,0.0
803,10268,2014,3,195.3,0.05
804,10269,2003,3,129.12,0.15
805,10269,2049,2,283.02,0.0
806,10270,2063,4,131.18,0.1
807,10271,2070,2,187.17,0.1
808,10271,2063,3,131.18,0.0
809,10271,2025,4,284.11,0.0
810,10272,2021,3,38.07,0.0
811,10272,2009,3,66.92,0.05
812,10272,2068,1,57.11,0.15
813,10272,2020,4,80.09,0.15
814,10272,2058,2,39.05,0.0
815,10273,2047,4,109.26,0.0
816,10273,2031,4,156.22,0.1
817,10273,2042,2,248.27,0.1
818,10273,2009,3,66.92,0.0
819,10273,2069,4,223.61,0.15
820,10274,2015,1,150.04,0.0
821,10274,2013,2,86.74,0.0
822,10274,2067,1,256.8,0.0
823,10275,2063,2,131.18,0.0
824,10276,2050,4,210.16,0.1
825,10277,2033,1,282.29,0.0
826,10277,2007,4,54.36,0.0
827,10277,2047,4,109.26,0.15
828,10277,2029,1,231.51,0.0
829,10277,2010,4,188.17,0.0
830,10278,2035,1,160.6,0.15
831,10279,2039,1,294.16,0.0
832,10280,2013,2,86.74,0.1
833,10280,2030,2,172.92,0.1
834,10280,2069,2,223.61,0.1
835,10280,2050,4,210.16,0.15
836,10280,2025,1,284.11,0.15
837,10281,2046,2,162.38,0.1
838,10281,2059,4,11.49,0.1
839,10281,2055,3,226.72,0.15
840,10281,2014,2,195.3,0.1
841,10281,2022,4,289.17,0.0
842,10282,2042,4,248.27,0.15
843,10282,2048,3,150.4,0.1
844,10282,2053,2,286.83,0.1
845,10283,2028,4,12.36,0.05
846,10283,2049,1,283.02,0.15
847,10283,2033,1,282.29,0.0
848,10283,2047,1,109.26,0.1
849,10283,2058,2,39.05,0.0
850,10284,2039,2,294.16,0.0
851,10285,2003,2,129.12,0.0
852,10285,2036,1,280.09,0.05
853,10285,2066,3,141.75,0.0
854,10286,2034,2,21.66,0.0
855,10286,2047,3,109.26,0.0
856,10287,2052,2,176.3,0.15
857,10288,2042,4,248.27,0.0
858,10289,2013,1,86.74,0.0
859,10289,2039,3,294.16,0.0
860,10289,2005,4,109.9,0.05
861,10289,2049,1,283.02,0.0
862,10290,2002,1,266.42,0.0
863,10290,2049,2,283.02,0.0
864,10290,2007,2,54.36,0.0
865,10290,2040,1,147.62,0.15
866,10290,2068,4,57.11,0.05
867,10291,2065,4,12.68,0.0
868,10291,2012,2,21.94,0.0
869,10291,2029,1,231.51,0.05
870,10291,2056,1,211.88,0.1
871,10291,2038,4,96.93,0.0
872,10292,2052,4,176.3,0.15
873,10293,2018,2,259.82,0.05
874,10293,2062,4,199.16,0.15
875,10294,2026,4,179.16,0.0
876,10294,2068,1,57.11,0.0
877,10294,2032,4,292.76,0.05
878,10294,2010,3,188.17,0.0
879,10294,2035,2,160.6,0.0
880,10295,2004,3,291.98,0.1
881,10295,2040,4,147.62,0.1
882,10295,2022,2,289.17,0.05
883,10296,2030,2,172.92,0.15
884,10297,2020,1,80.09,0.0
885,10297,2011,2,283.06,0.0
886,10297,2015,1,150.04,0.0
887,10298,2040,4,147.62,0.05
888,10299,2043,2,15.48,0.15
889,10300,2028,4,12.36,0.1
890,10300,2027,2,265.87,0.15
891,10300,2070,1,187.17,0.05
892,10300,2067,1,256.8,0.0
893,10300,2034,2,21.66,0.0
894,10301,2026,4,179.16,0.15
895,10301,2035,1,160.6,0.0
896,10301,2007,4,54.36,0.15
897,10302,2047,3,109.26,0.15
898,10302,2014,4,195.3,0.0
899,10302,2003,4,129.12,0.1
900,10303,2041,4,179.21,0.1
901,10304,2012,1,21.94,0.0
902,10304,2024,2,145.37,0.1
903,10304,2026,3,179.16,0.0
904,10304,2065,4,12.68,0.05
905,10304,2059,2,11.49,0.0
906,10305,2046,3,162.38,0.0
907,10305,2039,3,294.16,0.05
908,10305,2031,1,156.22,0.1
909,10306,2029,4,231.51,0.15
910,10306,2020,2,80.09,0.0
911,10306,2044,4,129.0,0.1
912,10307,2030,3,172.92,0.1
913,10307,2054,3,287.03,0.05
914,10307,2031,2,156.22,0.0
915,10307,2020,2,80.09,0.1
916,10307,2055,2,226.72,0.0
917,10308,2068,2,57.11,0.15
918,10308,2018,2,259.82,0.0
919,10308,2056,1,211.88,0.1
920,10309,2016,3,141.52,0.05
921,10309,2024,4,145.37,0.0
922,10309,2041,4,179.21,0.15
923,10309,2019,3,47.91,0.0
924,10309,2004,2,291.98,0.0
925,10310,2024,3,145.37,0.1
926,10310,2004,2,291.98,0.1
927,10311,2030,3,172.92,0.0
928,10311,2004,4,291.98,0.0
929,10312,2061,4,229.2,0.0
930,10312,2048,2,150.4,0.0
931,10312,2024,2,145.37,0.0
932,10312,2050,4,210.16,0.0
933,10312,2063,3,131.18,0.05
934,10313,2026,1,179.16,0.0
935,10313,2027,4,265.87,0.1
936,10314,2042,4,248.27,0.0
937,10314,2059,4,11.49,0.15
938,10314,2032,3,292.76,0.05
939,10314,2055,1,226.72,0.1
940,10315,2058,4,39.05,0.0
941,10316,2067,4,256.8,0.15
942,10316,2069,1,223.61,0.1
943,10317,2067,4,256.8,0.05
944,10317,2007,3,54.36,0.0
945,10317,2025,4,284.11,0.0
946,10317,2038,4,96.93,0.0
947,10318,2007,1,54.36,0.15
948,10318,2067,1,256.8,0.0
949,10318,2019,2,47.91,0.05
950,10318,2060,4,199.33,0.0
951,10318,2058,4,39.05,0.0
952,10319,2059,4,11.49,0.0
953,10319,2026,3,179.16,0.0
954,10320,2016,1,141.52,0.15
955,10320,2012,4,21.94,0.15
956,10321,2011,2,283.06,0.05
957,10321,2068,4,57.11,0.0
958,10321,2050,2,210.16,0.0
959,10322,2020,4,80.09,0.0
960,10322,2021,3,38.07,0.15
961,10322,2019,4,47.91,0.0
962,10322,2023,2,219.12,0.0
963,10322,2007,2,54.36,0.0
964,10323,2033,1,282.29,0.05
965,10324,2064,2,238.5,0.1
966,10324,2070,4,187.17,0.05
967,10324,2001,4,116.97,0.05
968,10324,2031,1,156.22,0.1
969,10325,2001,2,116.97,0.0
970,10325,2032,1,292.76,0.15
971,10325,2036,3,280.09,0.0
972,10325,2027,2,265.87,0.0
973,10325,2007,3,54.36,0.0
974,10326,2007,1,54.36,0.05
975,10327,2021,2,38.07,0.05
976,10327,2037,3,107.54,0.0
977,10328,2039,3,294.16,0.0
978,10329,2009,2,66.92,0.0
979,10329,2055,3,226.72,0.0
980,10329,2038,4,96.93,0.1
981,10329,2061,2,229.2,0.15
982,10330,2008,1,284.76,0.05
983,10330,2014,3,195.3,0.05
984,10331,2041,4,179.21,0.1
985,10331,2034,4,21.66,0.05
986,10331,2068,2,57.11,0.1
987,10331,2046,2,162.38,0.15
988,10331,2017,3,150.42,0.0
989,10332,2016,1,141.52,0.05
990,10333,2027,4,265.87,0.05
991,10334,2043,3,15.48,0.1
992,10335,2002,3,266.42,0.0
993,10335,2026,1,179.16,0.0
994,10336,2065,1,12.68,0.15
995,10336,2042,3,248.27,0.0
996,10336,2001,4,116.97,0.15
997,10337,2004,4,291.98,0.05
998,10337,2023,1,219.12,0.15
999,10337,2025,2,284.11,0.05
1000,10337,2043,2,15.48,0.15
1001,10337,2044,4,129.0,0.1
1002,10338,2060,3,199.33,0.1
1003,10338,2053,3,286.83,0.1
1004,10338,2008,1,284.76,0.0
1005,10339,2043,1,15.48,0.0
1006,10339,2046,4,162.38,0.15
1007,10339,2009,2,66.92,0.1
1008,10339,2020,4,80.09,0.0
1009,10339,2036,1,280.09,0.0
1010,10340,2005,1,109.9,0.05
1011,10340,2035,2,160.6,0.0
1012,10340,2053,4,286.83,0.0
1013,10341,2068,2,57.11,0.0
1014,10341,2039,3,294.16,0.0
1015,10342,2012,1,21.94,0.05
1016,10342,2057,2,24.71,0.0
1017,10343,2062,3,199.16,0.0
1018,10343,2068,1,57.11,0.1
1019,10343,2040,2,147.62,0.0
1020,10344,2059,4,11.49,0.15
1021,10345,2015,3,150.04,0.05
1022,10345,2001,1,116.97,0.0
1023,10345,2040,3,147.62,0.0
1024,10345,2006,3,135.45,0.15
1025,10345,2012,2,21.94,0.0
1026,10346,2025,3,284.11,0.1
1027,10346,2037,3,107.54,0.05
1028,10347,2035,2,160.6,0.0
1029,10348,2015,1,150.04,0.0
1030,10348,2002,3,266.42,0.1
1031,10348,2066,3,141.75,0.0
1032,10349,2037,2,107.54,0.0
1033,10349,2032,3,292.76,0.1
1034,10350,2070,2,187.17,0.0
1035,10350,2057,4,24.71,0.15
1036,10350,2007,1,54.36,0.0
1037,10351,2007,2,54.36,0.15
1038,10351,2012,4,21.94,0.1
1039,10351,2055,3,226.72,0.0
1040,10351,2051,3,280.76,0.0
1041,10352,2011,4,283.06,0.0
1042,10352,2060,4,199.33,0.05
1043,10352,2017,2,150.42,0.0
1044,10352,2012,2,21.94,0.1
1045,10352,2013,3,86.74,0.0
1046,10353,2024,4,145.37,0.0
1047,10353,2043,1,15.48,0.05
1048,10353,2042,1,248.27,0.0
1049,10353,2059,4,11.49,0.05
1050,10354,2037,2,107.54,0.1
1051,10354,2045,1,214.66,0.05
1052,10355,2042,1,248.27,0.0
1053,10356,2060,2,199.33,0.05
1054,10356,2052,4,176.3,0.0
1055,10356,2053,3,286.83,0.0
1056,10356,2031,4,156.22,0.05
1057,10356,2032,3,292.76,0.1
1058,10357,2023,4,219.12,0.0
1059,10357,2010,4,188.17,0.0
1060,10358,2013,1,86.74,0.1
1061,10358,2057,1,24.71,0.15
1062,10358,2023,4,219.12,0.0
1063,10358,2040,4,147.62,0.15
1064,10358,2052,1,176.3,0.0
1065,10359,2018,2,259.82,0.15
1066,10359,2001,2,116.97,0.05
1067,10360,2038,3,96.93,0.0
1068,10360,2050,3,210.16,0.05
1069,10360,2058,3,39.05,0.0
1070,10360,2026,1,179.16,0.1
1071,10360,2027,4,265.87,0.0
1072,10361,2008,1,284.76,0.15
1073,10361,2048,3,150.4,0.0
1074,10361,2007,3,54.36,0.0
1075,10362,2056,3,211.88,0.15
1076,10362,2051,4,280.76,0.05
1077,10363,2056,4,211.88,0.0
1078,10363,2070,2,187.17,0.1
1079,10363,2028,4,12.36,0.0
1080,10363,2023,4,219.12,0.0
1081,10364,2017,1,150.42,0.15
1082,10364,2018,1,259.82,0.0
1083,10364,2002,4,266.42,0.15
1084,10365,2018,4,259.82,0.1
1085,10365,2011,2,283.06,0.05
1086,10365,2054,4,287.03,0.1
1087,10365,2059,4,11.49,0.05
1088,10366,2029,1,231.51,0.1
1089,10366,2024,4,145.37,0.15
1090,10366,2055,2,226.72,0.15
1091,10367,2035,1,160.6,0.1
1092,10367,2053,4,286.83,0.15
1093,10367,2070,3,187.17,0.0
1094,10367,2047,4,109.26,0.15
1095,10367,2005,1,109.9,0.0
1096,10368,2036,2,280.09,0.05
1097,10368,2060,1,199.33,0.15
1098,10368,2067,3,256.8,0.1
1099,10368,2011,1,283.06,0.0
1100,10368,2012,1,21.94,0.05
1101,10369,2066,3,141.75,0.0
1102,10369,2061,3,229.2,0.0
1103,10369,2043,1,15.48,0.15
1104,10369,2054,3,287.03,0.15
1105,10370,2034,3,21.66,0.15
1106,10370,2008,1,284.76,0.0
1107,10370,2061,4,229.2,0.0
1108,10370,2022,2,289.17,0.1
1109,10370,2007,1,54.36,0.0
1110,10371,2017,1,150.42,0.15
1111,10371,2036,1,280.09,0.1
1112,10371,2033,2,282.29,0.1
1113,10372,2058,2,39.05,0.0
1114,10372,2048,2,150.4,0.05
1115,10373,2068,3,57.11,0.0
1116,10373,2005,2,109.9,0.1
1117,10374,2064,4,238.5,0.0
1118,10374,2053,4,286.83,0.15
1119,10375,2027,1,265.87,0.15
1120,10375,2045,3,214.66,0.0
1121,10376,2022,4,289.17,0.05
1122,10377,2039,4,294.16,0.15
1123,10377,2061,4,229.2,0.05
1124,10377,2069,3,223.61,0.0
1125,10377,2030,4,172.92,0.0
1126,10378,2058,1,39.05,0.0
1127,10378,2049,3,283.02,0.05
1128,10378,2041,3,179.21,0.0
1129,10379,2035,4,160.6,0.05
1130,10379,2013,2,86.74,0.15
1131,10379,2033,2,282.29,0.1
1132,10380,2024,1,145.37,0.0
1133,10380,2041,1,179.21,0.05
1134,10380,2002,1,266.42,0.1
1135,10381,2058,3,39.05,0.0
1136,10382,2033,1,282.29,0.1
1137,10382,2025,1,284.11,0.0
1138,10382,2005,2,109.9,0.1
1139,10383,2016,1,141.52,0.1
1140,10384,2049,1,283.02,0.15
1141,10384,2024,2,145.37,0.0
1142,10385,2060,3,199.33,0.05
1143,10385,2010,3,188.17,0.0
1144,10385,2059,2,11.49,0.0
1145,10386,2008,3,284.76,0.0
1146,10386,2049,3,283.02,0.0
1147,10386,2050,2,210.16,0.05
1148,10387,2063,2,131.18,0.1
1149,10388,2023,4,219.12,0.0
1150,10388,2063,1,131.18,0.05
1151,10388,2014,3,195.3,0.0
1152,10388,2019,1,47.91,0.0
1153,10389,2033,4,282.29,0.0
1154,10390,2020,3,80.09,0.0
1155,10390,2001,3,116.97,0.05
1156,10390,2005,1,109.9,0.1
1157,10390,2050,4,210.16,0.05
1158,10391,2052,1,176.3,0.05
1159,10391,2009,4,66.92,0.0
1160,10391,2070,3,187.17,0.0
1161,10391,2029,3,231.51,0.05
1162,10392,2012,3,21.94,0.1
1163,10393,2011,2,283.06,0.0
1164,10393,2059,1,11.49,0.05
1165,10393,2038,2,96.93,0.0
1166,10394,2014,4,195.3,0.15
1167,10394,2046,2,162.38,0.0
1168,10394,2063,1,131.18,0.0
1169,10394,2011,1,283.06,0.15
1170,10395,2031,3,156.22,0.05
1171,10395,2063,4,131.18,0.0
1172,10395,2050,1,210.16,0.0
1173,10395,2009,1,66.92,0.0
1174,10395,2070,1,187.17,0.05
1175,10396,2028,4,12.36,0.15
1176,10397,2020,4,80.09,0.15
1177,10397,2030,1,172.92,0.05
1178,10397,2010,1,188.17,0.0
1179,10397,2005,2,109.9,0.0
1180,10397,2019,2,47.91,0.15
1181,10398,2040,1,147.62,0.05
1182,10399,2022,2,289.17,0.0
1183,10399,2009,2,66.92,0.05
1184,10399,2014,3,195.3,0.15
1185,10399,2015,4,150.04,0.0
1186,10399,2064,1,238.5,0.15
1187,10400,2070,2,187.17,0.0
1188,10400,2018,1,259.82,0.0
1189,10400,2042,3,248.27,0.0
1190,10400,2028,4,12.36,0.0
1191,10400,2006,3,135.45,0.1
1192,10401,2057,1,24.71,0.0
1193,10401,2032,1,292.76,0.15
1194,10402,2049,1,283.02,0.0
1195,10402,2021,2,38.07,0.0
1196,10402,2003,3,129.12,0.05
1197,10402,2063,4,131.18,0.15
1198,10402,2011,2,283.06,0.0
1199,10403,2035,4,160.6,0.05
1200,10403,2067,2,256.8,0.0
1201,10404,2005,3,109.9,0.05
1202,10404,2024,1,145.37,0.1
1203,10404,2064,2,238.5,0.0
1204,10404,2012,1,21.94,0.1
1205,10404,2039,1,294.16,0.1
1206,10405,2070,4,187.17,0.15
1207,10405,2065,2,12.68,0.0
1208,10405,2029,1,231.51,0.0
1209,10406,2020,4,80.09,0.05
1210,10407,2021,1,38.07,0.15
1211,10407,2006,3,135.45,0.0
1212,10408,2056,3,211.88,0.1
1213,10408,2033,4,282.29,0.0
1214,10409,2007,2,54.36,0.0
1215,10410,2063,1,131.18,0.0
1216,10411,2057,4,24.71,0.0
1217,10411,2042,3,248.27,0.0
1218,10412,2042,2,248.27,0.0
1219,10413,2053,4,286.83,0.0
1220,10413,2026,1,179.16,0.05
1221,10414,2063,4,131.18,0.0
1222,10414,2007,4,54.36,0.0
1223,10414,2056,2,211.88,0.05
1224,10414,2019,2,47.91,0.15
1225,10414,2028,3,12.36,0.0
1226,10415,2043,1,15.48,0.15
1227,10415,2017,1,150.42,0.0
1228,10416,2015,4,150.04,0.05
1229,10416,2060,2,199.33,0.0
1230,10417,2038,2,96.93,0.1
1231,10417,2021,2,38.07,0.0
1232,10418,2067,4,256.8,0.0
1233,10418,2063,1,131.18,0.15
1234,10418,2028,4,12.36,0.15
1235,10418,2061,2,229.2,0.0
1236,10419,2056,1,211.88,0.05
1237,10419,2029,1,231.51,0.0
1238,10419,2020,4,80.09,0.15
1239,10420,2005,1,109.9,0.05
1240,10420,2055,4,226.72,0.0
1241,10420,2068,1,57.11,0.1
1242,10420,2051,1,280.76,0.15
1243,10420,2062,4,199.16,0.0
1244,10421,2046,2,162.38,0.15
1245,10421,2038,1,96.93,0.0
1246,10422,2040,4,147.62,0.05
1247,10422,2021,2,38.07,0.15
1248,10422,2059,4,11.49,0.0
1249,10422,2004,3,291.98,0.15
1250,10423,2001,1,116.97,0.0
1251,10423,2010,4,188.17,0.0
1252,10423,2050,2,210.16,0.15
1253,10423,2043,1,15.48,0.1
1254,10424,2008,1,284.76,0.0
1255,10424,2066,4,141.75,0.0
1256,10424,2047,4,109.26,0.1
1257,10425,2047,3,109.26,0.0
1258,10426,2009,1,66.92,0.15
1259,10426,2027,4,265.87,0.15
1260,10426,2018,2,259.82,0.15
1261,10426,2043,2,15.48,0.0
1262,10426,2031,3,156.22,0.0
1263,10427,2055,3,226.72,0.05
1264,10427,2036,4,280.09,0.1
1265,10427,2007,1,54.36,0.05
1266,10427,2009,3,66.92,0.05
1267,10427,2048,3,150.4,0.15
1268,10428,2025,4,284.11,0.0
1269,10429,2051,2,280.76,0.0
1270,10430,2014,2,195.3,0.0
1271,10431,2019,4,47.91,0.0
1272,10432,2067,3,256.8,0.05
1273,10432,2003,2,129.12,0.05
1274,10433,2054,3,287.03,0.0
1275,10433,2057,1,24.71,0.0
1276,10433,2003,2,129.12,0.1
1277,10434,2053,4,286.83,0.1
1278,10434,2044,4,129.0,0.05
1279,10434,2042,3,248.27,0.1
1280,10435,2040,3,147.62,0.0
1281,10435,2022,4,289.17,0.0
1282,10436,2007,3,54.36,0.05
1283,10436,2019,2,47.91,0.1
1284,10436,2046,2,162.38,0.15
1285,10437,2037,2,107.54,0.0
1286,10437,2024,1,145.37,0.0
1287,10437,2023,2,219.12,0.05
1288,10437,2020,3,80.09,0.0
1289,10437,2021,2,38.07,0.0
1290,10438,2005,4,109.9,0.1
1291,10438,2041,2,179.21,0.1
1292,10438,2045,3,214.66,0.0
1293,10438,2019,1,47.91,0.05
1294,10438,2048,4,150.4,0.0
1295,10439,2041,3,179.21,0.15
1296,10439,2020,3,80.09,0.05
1297,10439,2001,3,116.97,0.1
1298,10439,2070,2,187.17,0.1
1299,10440,2044,2,129.0,0.15
1300,10440,2015,1,150.04,0.0
1301,10440,2062,1,199.16,0.05
1302,10440,2006,2,135.45,0.05
1303,10441,2012,2,21.94,0.1
1304,10441,2042,2,248.27,0.0
1305,10441,2008,2,284.76,0.0
1306,10442,2069,4,223.61,0.15
1307,10443,2066,4,141.75,0.0
1308,10444,2041,4,179.21,0.0
1309,10444,2066,4,141.75,0.0
1310,10444,2008,4,284.76,0.0
1311,10444,2047,1,109.26,0.0
1312,10445,2045,1,214.66,0.0
1313,10445,2040,4,147.62,0.15
1314,10445,2058,4,39.05,0.05
1315,10446,2021,2,38.07,0.1
1316,10446,2055,1,226.72,0.0
1317,10446,2054,2,287.03,0.0
1318,10447,2068,1,57.11,0.0
1319,10447,2043,4,15.48,0.15
1320,10447,2009,3,66.92,0.05
1321,10447,2049,2,283.02,0.1
1322,10448,2018,3,259.82,0.1
1323,10448,2026,4,179.16,0.0
1324,10448,2024,3,145.37,0.1
1325,10448,2049,3,283.02,0.05
1326,10449,2060,3,199.33,0.0
1327,10449,2029,4,231.51,0.0
1328,10449,2004,3,291.98,0.05
1329,10449,2001,2,116.97,0.05
1330,10449,2020,2,80.09,0.0
1331,10450,2036,4,280.09,0.0
1332,10451,2047,1,109.26,0.0
1333,10451,2062,1,199.16,0.0
1334,10451,2056,2,211.88,0.1
1335,10451,2034,1,21.66,0.0
1336,10451,2061,3,229.2,0.05
1337,10452,2046,1,162.38,0.0
1338,10452,2021,3,38.07,0.05
1339,10453,2007,1,54.36,0.1
1340,10453,2038,2,96.93,0.15
1341,10453,2068,2,57.11,0.0
1342,10454,2022,3,289.17,0.15
1343,10454,2070,3,187.17,0.0
1344,10454,2042,3,248.27,0.0
1345,10454,2041,1,179.21,0.0
1346,10454,2039,3,294.16,0.0
1347,10455,2053,2,286.83,0.0
1348,10455,2044,2,129.0,0.0
1349,10455,2021,1,38.07,0.05
1350,10455,2014,4,195.3,0.0
1351,10456,2017,1,150.42,0.05
1352,10457,2040,4,147.62,0.1
1353,10457,2047,3,109.26,0.0
1354,10457,2018,3,259.82,0.0
1355,10458,2029,2,231.51,0.15
1356,10459,2030,2,172.92,0.0
1357,10459,2040,2,147.62,0.0
1358,10460,2015,4,150.04,0.0
1359,10460,2010,2,188.17,0.0
1360,10460,2003,1,129.12,0.15
1361,10460,2062,1,199.16,0.05
1362,10461,2033,1,282.29,0.0
1363,10462,2002,2,266.42,0.1
1364,10462,2013,2,86.74,0.0
1365,10462,2016,3,141.52,0.0
1366,10463,2019,3,47.91,0.1
1367,10464,2046,2,162.38,0.1
1368,10464,2021,1,38.07,0.0
1369,10464,2065,1,12.68,0.1
1370,10465,2025,2,284.11,0.1
1371,10465,2037,1,107.54,0.15
1372,10466,2028,4,12.36,0.0
1373,10467,2024,4,145.37,0.0
1374,10467,2057,2,24.71,0.05
1375,10467,2014,1,195.3,0.0
1376,10467,2046,1,162.38,0.05
1377,10467,2049,1,283.02,0.1
1378,10468,2064,3,238.5,0.1
1379,10468,2047,1,109.26,0.0
1380,10469,2064,3,238.5,0.05
1381,10469,2015,3,150.04,0.15
1382,10469,2050,4,210.16,0.0
1383,10470,2053,4,286.83,0.15
1384,10470,2038,3,96.93,0.0
1385,10470,2055,1,226.72,0.15
1386,10470,2025,4,284.11,0.15
1387,10470,2009,1,66.92,0.05
1388,10471,2067,4,256.8,0.05
1389,10471,2011,1,283.06,0.15
1390,10471,2016,2,141.52,0.0
1391,10471,2019,3,47.91,0.0
1392,10472,2026,2,179.16,0.05
1393,10472,2052,4,176.3,0.0
1394,10472,2016,3,141.52,0.15
1395,10473,2046,3,162.38,0.0
1396,10473,2061,4,229.2,0.0
1397,10473,2052,1,176.3,0.0
1398,10473,2063,4,131.18,0.05
1399,10474,2018,1,259.82,0.15
1400,10474,2004,1,291.98,0.0
1401,10475,2004,2,291.98,0.0
1402,10475,2023,1,219.12,0.0
1403,10475,2049,4,283.02,0.05
1404,10475,2042,2,248.27,0.0
1405,10476,2063,3,131.18,0.1
1406,10476,2065,1,12.68,0.0
1407,10476,2034,4,21.66,0.0
1408,10476,2070,4,187.17,0.05
1409,10477,2049,1,283.02,0.0
1410,10477,2057,2,24.71,0.1
1411,10477,2059,3,11.49,0.15
1412,10478,2063,2,131.18,0.0
1413,10478,2056,4,211.88,0.05
1414,10479,2063,4,131.18,0.05
1415,10480,2021,4,38.07,0.1
1416,10480,2065,4,12.68,0.1
1417,10480,2008,3,284.76,0.0
1418,10480,2051,3,280.76,0.0
1419,10480,2034,1,21.66,0.1
1420,10481,2017,3,150.42,0.0
1421,10482,2004,3,291.98,0.0
1422,10482,2044,4,129.0,0.0
1423,10482,2049,1,283.02,0.15
1424,10482,2013,2,86.74,0.0
1425,10482,2055,2,226.72,0.15
1426,10483,2011,1,283.06,0.0
1427,10483,2009,2,66.92,0.0
1428,10483,2040,3,147.62,0.0
1429,10484,2055,1,226.72,0.15
1430,10484,2066,4,141.75,0.1
1431,10484,2054,1,287.03,0.0
1432,10484,2035,4,160.6,0.1
1433,10485,2042,3,248.27,0.05
1434,10485,2013,3,86.74,0.0
1435,10485,2063,3,131.18,0.0
1436,10485,2027,4,265.87,0.0
1437,10486,2010,3,188.17,0.0
1438,10486,2069,3,223.61,0.1
1439,10486,2028,4,12.36,0.0
1440,10486,2037,1,107.54,0.15
1441,10487,2013,4,86.74,0.05
1442,10487,2044,2,129.0,0.0
1443,10487,2035,1,160.6,0.15
1444,10487,2009,3,66.92,0.1
1445,10487,2068,3,57.11,0.05
1446,10488,2041,4,179.21,0.15
1447,10488,2026,2,179.16,0.0
1448,10488,2054,2,287.03,0.1
1449,10488,2052,4,176.3,0.0
1450,10488,2033,4,282.29,0.0
1451,10489,2056,4,211.88,0.0
1452,10489,2008,2,284.76,0.0
1453,10489,2067,3,256.8,0.05
1454,10489,2026,4,179.16,0.0
1455,10489,2047,1,109.26,0.15
1456,10490,2053,3,286.83,0.15
1457,10490,2035,2,160.6,0.0
1458,10491,2031,1,156.22,0.0
1459,10491,2052,3,176.3,0.05
1460,10491,2015,4,150.04,0.1
1461,10491,2020,4,80.09,0.05
1462,10491,2025,1,284.11,0.0
1463,10492,2035,1,160.6,0.0
1464,10492,2018,3,259.82,0.15
1465,10493,2023,1,219.12,0.0
1466,10493,2006,3,135.45,0.0
1467,10493,2063,4,131.18,0.0
1468,10493,2003,1,129.12,0.05
1469,10493,2008,2,284.76,0.0
1470,10494,2065,1,12.68,0.1
1471,10495,2068,1,57.11,0.0
1472,10495,2033,3,282.29,0.1
1473,10495,2064,4,238.5,0.15
1474,10495,2012,2,21.94,0.05
1475,10495,2031,2,156.22,0.0
1476,10496,2023,2,219.12,0.0
1477,10497,2053,3,286.83,0.15
1478,10497,2033,1,282.29,0.0
1479,10497,2008,4,284.76,0.05
1480,10497,2063,2,131.18,0.0
1481,10498,2047,3,109.26,0.0
1482,10498,2061,1,229.2,0.15
1483,10499,2005,3,109.9,0.15
1484,10499,2007,3,54.36,0.15
1485,10499,2031,1,156.22,0.1
1486,10499,2033,2,282.29,0.05
1487,10499,2050,4,210.16,0.0
1488,10500,2033,3,282.29,0.0
1489,10500,2039,2,294.16,0.05
1490,10500,2012,3,21.94,0.15
1491,10500,2031,4,156.22,0.0
