order_id,customer_id,order_date,ship_date,status,shipping_cost,payment_method
10001,5058,2022-10-18,2022-10-21,Cancelled,21.18,Credit Card
10002,5054,2022-04-12,2022-04-13,Shipped,21.18,Bank Transfer
10003,5012,2024-05-16,2024-05-20,Delivered,21.18,Debit Card
10004,5014,2024-08-25,2024-08-31,Delivered,21.18,Bank Transfer
10005,5121,2024-08-31,,Pending,21.18,Credit Card
10006,5162,2024-04-21,2024-04-23,Shipped,21.18,Debit Card
10007,5181,2024-08-19,,Pending,21.18,Credit Card
10008,5121,2024-07-30,2024-08-03,Delivered,21.18,Bank Transfer
10009,5020,2024-10-23,2024-10-26,Delivered,21.18,Bank Transfer
10010,5075,2022-03-26,2022-03-28,Delivered,21.18,Credit Card
10011,5144,2022-11-24,2022-11-25,Shipped,21.18,PayPal
10012,5070,2024-03-26,2024-03-29,Shipped,21.18,Debit Card
10013,5056,2023-03-30,2023-04-03,Delivered,21.18,Bank Transfer
10014,5101,2023-09-21,,Pending,21.18,Bank Transfer
10015,5186,2025-03-23,2025-03-27,Cancelled,21.18,Debit Card
10016,5132,2023-10-27,2023-11-03,Cancelled,21.18,Credit Card
10017,5111,2022-01-12,2022-01-15,Delivered,21.18,Credit Card
10018,5125,2025-03-02,2025-03-05,Delivered,21.18,Credit Card
10019,5132,2022-10-31,2022-11-03,Cancelled,21.18,PayPal
10020,5020,2024-09-01,2024-09-06,Shipped,21.18,PayPal
10021,5138,2024-02-22,,Pending,21.18,Bank Transfer
10022,5024,2022-02-12,2022-02-17,Shipped,21.18,Credit Card
10023,5154,2024-08-01,2024-08-02,Delivered,21.18,Debit Card
10024,5037,2022-12-09,,Pending,21.18,Bank Transfer
10025,5054,2023-05-13,2023-05-19,Delivered,21.18,Debit Card
10026,5103,2022-12-30,2023-01-02,Returned,21.18,Bank Transfer
10027,5149,2024-06-09,2024-06-15,Cancelled,21.18,PayPal
10028,5038,2023-03-03,2023-03-05,Delivered,21.18,Bank Transfer
10029,5174,2024-10-01,,Pending,21.18,PayPal
10030,5004,2022-01-21,2022-01-27,Delivered,21.18,Bank Transfer
10031,5188,2023-02-11,2023-02-12,Delivered,21.18,Credit Card
10032,5057,2023-09-11,2023-09-15,Shipped,21.18,Debit Card
10033,5173,2024-10-11,,Pending,21.18,Credit Card
10034,5020,2022-12-02,2022-12-04,Cancelled,21.18,Bank Transfer
10035,5017,2025-02-14,2025-02-18,Delivered,21.18,Bank Transfer
10036,5119,2025-02-21,2025-02-27,Delivered,21.18,Bank Transfer
10037,5071,2023-02-03,2023-02-08,Cancelled,21.18,PayPal
10038,5004,2024-03-03,2024-03-09,Delivered,21.18,Debit Card
10039,5014,2023-12-16,2023-12-23,Delivered,21.18,Debit Card
10040,5003,2022-02-20,2022-02-23,Delivered,21.18,Bank Transfer
10041,5080,2022-11-20,2022-11-26,Delivered,21.18,Bank Transfer
10042,5186,2024-02-28,2024-02-29,Delivered,21.18,PayPal
10043,5055,2022-05-21,2022-05-27,Delivered,21.18,Credit Card
10044,5132,2023-04-15,2023-04-18,Delivered,21.18,Credit Card
10045,5120,2024-02-26,2024-02-29,Cancelled,21.18,Debit Card
10046,5024,2024-08-21,2024-08-26,Delivered,21.18,PayPal
10047,5162,2024-10-04,2024-10-06,Delivered,21.18,Bank Transfer
10048,5158,2023-01-08,2023-01-10,Delivered,21.18,Debit Card
10049,5082,2023-05-09,2023-05-11,Delivered,21.18,PayPal
10050,5147,2024-01-21,2024-01-25,Delivered,21.18,Credit Card
10051,5159,2025-03-25,2025-03-27,Shipped,21.18,PayPal
10052,5188,2022-10-18,2022-10-22,Delivered,21.18,Credit Card
10053,5060,2025-03-13,2025-03-19,Shipped,21.18,PayPal
10054,5147,2022-04-16,2022-04-21,Delivered,21.18,Debit Card
10055,5049,2023-11-01,2023-11-04,Delivered,21.18,Credit Card
10056,5063,2022-01-02,2022-01-06,Delivered,21.18,Debit Card
10057,5110,2023-08-12,2023-08-18,Returned,21.18,Debit Card
10058,5150,2023-10-06,2023-10-11,Delivered,21.18,Credit Card
10059,5152,2022-03-31,2022-04-04,Delivered,21.18,Credit Card
10060,5109,2022-12-16,2022-12-23,Delivered,21.18,Bank Transfer
10061,5076,2025-02-05,2025-02-10,Delivered,21.18,Bank Transfer
10062,5030,2024-11-28,,Pending,21.18,Bank Transfer
10063,5058,2024-06-27,2024-07-03,Shipped,21.18,Debit Card
10064,5117,2022-06-08,2022-06-15,Delivered,21.18,Debit Card
10065,5159,2024-08-16,2024-08-18,Delivered,21.18,Bank Transfer
10066,5100,2022-11-08,,Pending,21.18,Debit Card
10067,5192,2023-03-21,2023-03-23,Shipped,21.18,Debit Card
10068,5019,2022-10-25,2022-10-31,Shipped,21.18,Credit Card
10069,5176,2024-08-09,2024-08-16,Returned,21.18,Credit Card
10070,5173,2022-02-05,2022-02-10,Delivered,21.18,Debit Card
10071,5094,2025-01-12,2025-01-19,Delivered,21.18,Bank Transfer
10072,5183,2025-04-10,2025-04-17,Shipped,21.18,PayPal
10073,5113,2023-07-13,2023-07-14,Delivered,21.18,Bank Transfer
10074,5183,2024-06-09,2024-06-14,Shipped,21.18,PayPal
10075,5146,2022-05-21,2022-05-25,Shipped,21.18,Bank Transfer
10076,5063,2024-06-05,2024-06-10,Delivered,21.18,Credit Card
10077,5116,2025-02-15,,Pending,21.18,Debit Card
10078,5113,2023-12-27,,Pending,21.18,Debit Card
10079,5047,2024-11-15,2024-11-16,Shipped,21.18,Credit Card
10080,5057,2023-06-05,,Pending,21.18,PayPal
10081,5118,2022-01-10,2022-01-11,Shipped,21.18,PayPal
10082,5045,2024-09-10,2024-09-11,Delivered,21.18,PayPal
10083,5161,2023-01-13,2023-01-20,Delivered,21.18,Credit Card
10084,5145,2023-11-13,2023-11-18,Delivered,21.18,PayPal
10085,5198,2023-08-07,2023-08-12,Delivered,21.18,Credit Card
10086,5004,2022-06-01,2022-06-03,Shipped,21.18,Bank Transfer
10087,5148,2023-12-21,2023-12-26,Cancelled,21.18,Bank Transfer
10088,5047,2024-12-08,2024-12-13,Delivered,21.18,Credit Card
10089,5143,2025-03-23,,Pending,21.18,Debit Card
10090,5198,2024-05-08,2024-05-10,Delivered,21.18,Bank Transfer
10091,5047,2022-02-19,2022-02-22,Shipped,21.18,PayPal
10092,5078,2023-10-26,2023-11-02,Delivered,21.18,Credit Card
10093,5124,2023-06-15,2023-06-20,Delivered,21.18,PayPal
10094,5075,2024-12-19,2024-12-23,Cancelled,21.18,PayPal
10095,5103,2025-04-05,2025-04-06,Delivered,21.18,Debit Card
10096,5137,2024-05-06,2024-05-12,Delivered,21.18,PayPal
10097,5090,2022-05-26,2022-05-28,Returned,21.18,Debit Card
10098,5144,2024-07-03,2024-07-09,Shipped,21.18,Bank Transfer
10099,5069,2024-09-19,2024-09-24,Shipped,21.18,Credit Card
10100,5061,2022-08-30,2022-09-03,Delivered,21.18,PayPal
10101,5138,2023-08-04,2023-08-05,Delivered,21.18,Credit Card
10102,5050,2023-11-18,2023-11-23,Delivered,21.18,PayPal
10103,5003,2023-04-28,2023-05-02,Cancelled,21.18,Credit Card
10104,5107,2025-02-05,2025-02-12,Delivered,21.18,PayPal
10105,5113,2023-11-04,2023-11-05,Delivered,21.18,PayPal
10106,5094,2023-09-23,2023-09-27,Delivered,21.18,PayPal
10107,5118,2023-10-23,2023-10-25,Delivered,21.18,PayPal
10108,5198,2023-10-24,2023-10-29,Returned,21.18,PayPal
10109,5081,2024-03-15,2024-03-19,Delivered,21.18,PayPal
10110,5109,2023-02-23,,Pending,21.18,PayPal
10111,5051,2024-09-14,2024-09-19,Delivered,21.18,PayPal
10112,5147,2025-03-29,,Pending,21.18,PayPal
10113,5170,2023-10-12,2023-10-17,Shipped,21.18,Credit Card
10114,5035,2024-08-26,,Pending,21.18,Debit Card
10115,5046,2023-08-13,2023-08-19,Delivered,21.18,PayPal
10116,5154,2025-01-05,2025-01-12,Delivered,21.18,Debit Card
10117,5069,2023-05-24,2023-05-27,Shipped,21.18,PayPal
10118,5093,2023-03-17,2023-03-23,Delivered,21.18,PayPal
10119,5064,2024-07-09,2024-07-10,Delivered,21.18,Credit Card
10120,5165,2024-02-09,2024-02-13,Delivered,21.18,Bank Transfer
10121,5049,2022-09-20,2022-09-23,Shipped,21.18,Bank Transfer
10122,5149,2023-09-29,2023-10-06,Delivered,21.18,Credit Card
10123,5074,2025-04-05,2025-04-06,Delivered,21.18,Debit Card
10124,5192,2023-04-04,,Pending,21.18,Bank Transfer
10125,5005,2024-09-25,,Pending,21.18,Credit Card
10126,5100,2023-12-01,2023-12-06,Delivered,21.18,Credit Card
10127,5070,2022-10-29,2022-10-30,Cancelled,21.18,Bank Transfer
10128,5090,2025-01-30,2025-01-31,Delivered,21.18,Debit Card
10129,5004,2023-07-08,2023-07-12,Delivered,21.18,Credit Card
10130,5126,2022-10-15,2022-10-18,Delivered,21.18,PayPal
10131,5039,2025-04-05,2025-04-11,Delivered,21.18,Debit Card
10132,5163,2023-09-13,,Pending,21.18,Debit Card
10133,5129,2024-10-02,2024-10-07,Delivered,21.18,Bank Transfer
10134,5024,2022-02-05,2022-02-06,Cancelled,21.18,Bank Transfer
10135,5057,2024-01-14,2024-01-15,Delivered,21.18,PayPal
10136,5100,2022-12-19,2022-12-23,Cancelled,21.18,Credit Card
10137,5070,2022-03-14,2022-03-15,Delivered,21.18,Bank Transfer
10138,5041,2023-10-10,2023-10-13,Shipped,21.18,Bank Transfer
10139,5182,2024-12-29,2025-01-02,Cancelled,21.18,Debit Card
10140,5174,2023-03-01,,Pending,21.18,Bank Transfer
10141,5060,2024-09-25,2024-10-02,Delivered,21.18,Bank Transfer
10142,5108,2023-12-09,2023-12-11,Shipped,21.18,Bank Transfer
10143,5188,2023-07-15,,Pending,21.18,Bank Transfer
10144,5057,2024-04-07,2024-04-13,Delivered,21.18,Debit Card
10145,5031,2024-08-13,2024-08-19,Shipped,21.18,PayPal
10146,5084,2023-06-01,2023-06-07,Delivered,21.18,PayPal
10147,5152,2023-03-04,2023-03-08,Delivered,21.18,Credit Card
10148,5036,2022-06-09,,Pending,21.18,Bank Transfer
10149,5158,2022-05-29,2022-06-02,Shipped,21.18,Debit Card
10150,5152,2024-02-15,2024-02-19,Delivered,21.18,Credit Card
10151,5108,2022-03-08,2022-03-15,Delivered,21.18,Credit Card
10152,5106,2024-10-10,2024-10-14,Delivered,21.18,PayPal
10153,5158,2023-01-16,2023-01-20,Delivered,21.18,Debit Card
10154,5086,2022-02-27,2022-02-28,Delivered,21.18,Debit Card
10155,5135,2022-12-08,2022-12-14,Delivered,21.18,Debit Card
10156,5163,2025-02-27,2025-03-05,Delivered,21.18,PayPal
10157,5183,2023-12-28,2024-01-04,Delivered,21.18,PayPal
10158,5014,2025-04-10,2025-04-15,Shipped,21.18,PayPal
10159,5120,2024-02-09,2024-02-11,Delivered,21.18,PayPal
10160,5138,2023-09-06,2023-09-12,Delivered,21.18,PayPal
10161,5080,2022-12-20,2022-12-27,Delivered,21.18,Bank Transfer
10162,5144,2022-04-26,2022-04-29,Delivered,21.18,Bank Transfer
10163,5182,2023-10-24,2023-10-25,Delivered,21.18,Debit Card
10164,5106,2023-03-29,2023-03-31,Cancelled,21.18,Credit Card
10165,5070,2022-10-14,2022-10-19,Cancelled,21.18,Debit Card
10166,5044,2024-10-13,2024-10-17,Delivered,21.18,Credit Card
10167,5073,2022-11-07,2022-11-12,Delivered,21.18,PayPal
10168,5045,2022-07-27,2022-07-29,Delivered,21.18,Credit Card
10169,5184,2023-09-10,2023-09-16,Delivered,21.18,Debit Card
10170,5107,2023-03-22,2023-03-24,Delivered,21.18,Debit Card
10171,5084,2023-11-01,2023-11-08,Delivered,21.18,Credit Card
10172,5082,2023-09-25,2023-09-26,Delivered,21.18,Bank Transfer
10173,5107,2022-02-24,2022-03-03,Delivered,21.18,PayPal
10174,5185,2024-06-30,2024-07-01,Shipped,21.18,PayPal
10175,5021,2024-11-01,2024-11-04,Delivered,21.18,Debit Card
10176,5196,2023-10-19,2023-10-23,Shipped,21.18,Bank Transfer
10177,5178,2024-09-06,2024-09-12,Cancelled,21.18,Credit Card
10178,5161,2023-05-30,2023-06-05,Delivered,21.18,PayPal
10179,5007,2022-08-25,2022-08-30,Shipped,21.18,Bank Transfer
10180,5070,2022-12-14,,Pending,21.18,PayPal
10181,5127,2023-09-19,2023-09-24,Delivered,21.18,Bank Transfer
10182,5143,2025-02-01,2025-02-05,Delivered,21.18,Bank Transfer
10183,5160,2023-09-22,2023-09-29,Delivered,21.18,Debit Card
10184,5148,2022-12-30,,Pending,21.18,PayPal
10185,5143,2022-11-17,2022-11-19,Delivered,21.18,Credit Card
10186,5176,2022-10-13,2022-10-17,Delivered,21.18,Debit Card
10187,5199,2022-05-29,2022-06-01,Delivered,21.18,Debit Card
10188,5149,2025-01-12,2025-01-14,Delivered,21.18,Credit Card
10189,5170,2023-02-10,2023-02-13,Delivered,21.18,Debit Card
10190,5154,2024-09-04,2024-09-06,Shipped,21.18,Bank Transfer
10191,5120,2023-04-01,2023-04-07,Returned,21.18,Bank Transfer
10192,5128,2024-03-10,2024-03-17,Delivered,21.18,PayPal
10193,5142,2025-03-30,2025-03-31,Delivered,21.18,PayPal
10194,5057,2024-10-09,2024-10-10,Shipped,21.18,Credit Card
10195,5165,2024-02-23,2024-03-01,Delivered,21.18,PayPal
10196,5058,2023-04-05,,Pending,21.18,Bank Transfer
10197,5021,2024-01-08,2024-01-12,Delivered,21.18,Credit Card
10198,5082,2023-05-24,2023-05-29,Returned,21.18,Credit Card
10199,5069,2023-04-26,2023-05-03,Delivered,21.18,PayPal
10200,5131,2022-04-24,,Pending,21.18,Bank Transfer
10201,5087,2024-01-19,,Pending,21.18,Credit Card
10202,5165,2022-12-27,2022-12-29,Delivered,21.18,Bank Transfer
10203,5049,2022-12-07,2022-12-08,Shipped,21.18,Bank Transfer
10204,5147,2024-02-09,,Pending,21.18,Bank Transfer
10205,5115,2024-01-31,2024-02-05,Delivered,21.18,PayPal
10206,5089,2024-08-26,2024-08-27,Delivered,21.18,Debit Card
10207,5085,2023-03-25,2023-03-29,Shipped,21.18,Debit Card
10208,5128,2024-04-14,2024-04-19,Cancelled,21.18,Credit Card
10209,5140,2022-11-07,2022-11-13,Shipped,21.18,Bank Transfer
10210,5189,2022-09-19,2022-09-25,Returned,21.18,PayPal
10211,5169,2023-02-10,2023-02-17,Delivered,21.18,Bank Transfer
10212,5161,2022-05-23,2022-05-24,Cancelled,21.18,Bank Transfer
10213,5178,2022-12-08,2022-12-10,Delivered,21.18,PayPal
10214,5117,2025-01-29,2025-02-04,Delivered,21.18,Debit Card
10215,5196,2022-09-01,2022-09-02,Returned,21.18,Bank Transfer
10216,5127,2023-05-05,2023-05-09,Shipped,21.18,Bank Transfer
10217,5071,2022-01-12,2022-01-16,Returned,21.18,Debit Card
10218,5086,2023-07-15,2023-07-17,Delivered,21.18,PayPal
10219,5033,2022-02-11,2022-02-16,Delivered,21.18,Credit Card
10220,5081,2023-11-09,2023-11-11,Delivered,21.18,Debit Card
10221,5152,2023-08-17,2023-08-24,Delivered,21.18,Credit Card
10222,5061,2025-03-27,2025-04-03,Shipped,21.18,Credit Card
10223,5061,2022-05-14,2022-05-21,Delivered,21.18,Debit Card
10224,5098,2024-12-26,2024-12-27,Delivered,21.18,Bank Transfer
10225,5028,2024-10-27,2024-10-29,Delivered,21.18,Credit Card
10226,5186,2024-08-05,2024-08-10,Delivered,21.18,Credit Card
10227,5043,2022-03-14,2022-03-17,Delivered,21.18,PayPal
10228,5169,2023-02-03,2023-02-05,Delivered,21.18,Bank Transfer
10229,5167,2023-08-01,2023-08-08,Shipped,21.18,Credit Card
10230,5086,2024-05-08,2024-05-14,Shipped,21.18,PayPal
10231,5177,2022-05-10,,Pending,21.18,Bank Transfer
10232,5017,2024-07-19,2024-07-22,Delivered,21.18,Debit Card
10233,5098,2022-09-23,2022-09-28,Shipped,21.18,Debit Card
10234,5198,2024-03-03,2024-03-08,Returned,21.18,PayPal
10235,5198,2022-09-10,2022-09-17,Delivered,21.18,Debit Card
10236,5098,2024-04-01,2024-04-07,Delivered,21.18,Credit Card
10237,5065,2022-06-13,2022-06-20,Delivered,21.18,Bank Transfer
10238,5074,2022-04-05,2022-04-08,Shipped,21.18,Credit Card
10239,5085,2024-04-12,2024-04-14,Delivered,21.18,Credit Card
10240,5005,2025-02-07,2025-02-10,Delivered,21.18,Debit Card
10241,5002,2022-12-02,2022-12-04,Delivered,21.18,Credit Card
10242,5022,2024-04-01,2024-04-07,Delivered,21.18,Debit Card
10243,5112,2022-08-26,2022-08-31,Returned,21.18,Bank Transfer
10244,5057,2023-01-16,2023-01-18,Cancelled,21.18,Bank Transfer
10245,5066,2024-06-17,2024-06-21,Delivered,21.18,Credit Card
10246,5074,2023-04-28,2023-05-01,Delivered,21.18,PayPal
10247,5098,2024-06-20,2024-06-23,Delivered,21.18,Debit Card
10248,5144,2024-11-14,2024-11-15,Shipped,21.18,Debit Card
10249,5112,2025-02-14,2025-02-19,Delivered,21.18,Credit Card
10250,5179,2023-04-27,,Pending,21.18,Debit Card
10251,5125,2024-07-05,2024-07-11,Delivered,21.18,Debit Card
10252,5167,2024-09-20,2024-09-22,Delivered,21.18,PayPal
10253,5086,2024-08-21,2024-08-27,Shipped,21.18,PayPal
10254,5076,2023-06-21,2023-06-27,Returned,21.18,Credit Card
10255,5088,2025-01-07,2025-01-11,Cancelled,21.18,PayPal
10256,5168,2025-04-11,2025-04-16,Delivered,21.18,Credit Card
10257,5038,2024-11-01,2024-11-05,Delivered,21.18,Bank Transfer
10258,5188,2022-05-08,2022-05-09,Cancelled,21.18,Credit Card
10259,5059,2022-04-02,2022-04-05,Shipped,21.18,Bank Transfer
10260,5138,2023-06-27,2023-07-03,Delivered,21.18,Credit Card
10261,5099,2024-04-25,2024-05-01,Shipped,21.18,Debit Card
10262,5192,2024-09-15,2024-09-19,Delivered,21.18,PayPal
10263,5063,2023-03-23,2023-03-30,Shipped,21.18,Bank Transfer
10264,5049,2023-01-25,2023-01-30,Cancelled,21.18,Credit Card
10265,5192,2023-11-03,2023-11-06,Cancelled,21.18,PayPal
10266,5032,2022-02-12,2022-02-18,Shipped,21.18,Credit Card
10267,5135,2022-09-11,2022-09-15,Delivered,21.18,PayPal
10268,5021,2025-02-27,2025-03-03,Returned,21.18,PayPal
10269,5020,2024-12-19,2024-12-21,Delivered,21.18,Credit Card
10270,5154,2023-10-25,2023-10-28,Cancelled,21.18,Bank Transfer
10271,5127,2023-04-12,2023-04-16,Delivered,21.18,Bank Transfer
10272,5068,2022-10-14,2022-10-16,Delivered,21.18,Debit Card
10273,5110,2024-10-07,2024-10-14,Shipped,21.18,PayPal
10274,5116,2024-02-17,2024-02-22,Shipped,21.18,Debit Card
10275,5143,2022-12-11,2022-12-15,Delivered,21.18,Debit Card
10276,5120,2023-10-04,2023-10-06,Delivered,21.18,Credit Card
10277,5079,2023-01-17,2023-01-24,Delivered,21.18,Credit Card
10278,5116,2023-11-21,2023-11-23,Delivered,21.18,Credit Card
10279,5092,2024-12-15,2024-12-18,Delivered,21.18,PayPal
10280,5014,2023-04-02,2023-04-09,Cancelled,21.18,Credit Card
10281,5155,2024-09-09,2024-09-15,Returned,21.18,Credit Card
10282,5125,2022-03-24,2022-03-26,Delivered,21.18,PayPal
10283,5168,2025-01-27,2025-02-03,Delivered,21.18,PayPal
10284,5058,2022-05-29,2022-06-02,Delivered,21.18,Bank Transfer
10285,5028,2025-03-25,2025-03-26,Delivered,21.18,Credit Card
10286,5026,2022-07-09,2022-07-14,Returned,21.18,Credit Card
10287,5113,2024-06-01,2024-06-05,Shipped,21.18,Credit Card
10288,5191,2022-09-20,2022-09-24,Shipped,21.18,Bank Transfer
10289,5066,2025-01-08,2025-01-13,Cancelled,21.18,Credit Card
10290,5153,2023-02-04,2023-02-09,Delivered,21.18,Bank Transfer
10291,5131,2024-02-03,2024-02-05,Delivered,21.18,Debit Card
10292,5200,2023-09-01,2023-09-05,Cancelled,21.18,Bank Transfer
10293,5044,2024-02-24,,Pending,21.18,Debit Card
10294,5097,2022-04-11,2022-04-14,Cancelled,21.18,Credit Card
10295,5042,2024-03-30,2024-04-01,Delivered,21.18,Debit Card
10296,5006,2024-03-30,2024-04-02,Delivered,21.18,Bank Transfer
10297,5167,2023-02-24,2023-03-02,Delivered,21.18,PayPal
10298,5180,2022-05-04,2022-05-05,Cancelled,21.18,Debit Card
10299,5023,2023-02-26,,Pending,21.18,Debit Card
10300,5089,2024-12-22,2024-12-29,Delivered,21.18,Credit Card
10301,5123,2024-02-07,2024-02-10,Delivered,21.18,Bank Transfer
10302,5178,2023-04-28,2023-04-29,Delivered,21.18,Debit Card
10303,5171,2023-06-03,2023-06-08,Delivered,21.18,Debit Card
10304,5147,2022-06-04,2022-06-10,Shipped,21.18,Debit Card
10305,5197,2022-04-02,2022-04-09,Shipped,21.18,Debit Card
10306,5051,2024-09-08,2024-09-10,Delivered,21.18,PayPal
10307,5011,2023-03-31,2023-04-01,Delivered,21.18,Bank Transfer
10308,5012,2023-08-21,2023-08-24,Shipped,21.18,Credit Card
10309,5074,2023-05-25,2023-05-29,Shipped,21.18,Credit Card
10310,5008,2023-01-21,2023-01-27,Returned,21.18,PayPal
10311,5152,2023-02-09,,Pending,21.18,Bank Transfer
10312,5041,2022-09-03,2022-09-08,Returned,21.18,Debit Card
10313,5164,2024-01-12,2024-01-13,Delivered,21.18,PayPal
10314,5085,2023-10-23,2023-10-30,Delivered,21.18,Bank Transfer
10315,5072,2023-10-12,2023-10-13,Shipped,21.18,Debit Card
10316,5055,2024-06-19,,Pending,21.18,PayPal
10317,5137,2022-03-06,2022-03-13,Delivered,21.18,Bank Transfer
10318,5047,2024-11-02,2024-11-09,Delivered,21.18,Credit Card
10319,5143,2022-08-01,2022-08-06,Delivered,21.18,Credit Card
10320,5176,2022-08-30,2022-09-05,Shipped,21.18,Bank Transfer
10321,5104,2023-05-08,2023-05-14,Delivered,21.18,Credit Card
10322,5042,2022-12-04,2022-12-09,Delivered,21.18,Bank Transfer
10323,5060,2022-06-22,2022-06-24,Delivered,21.18,Debit Card
10324,5198,2023-11-03,2023-11-07,Delivered,21.18,Bank Transfer
10325,5012,2022-06-13,2022-06-15,Delivered,21.18,Debit Card
10326,5130,2023-04-10,2023-04-17,Delivered,21.18,PayPal
10327,5007,2024-09-21,,Pending,21.18,Bank Transfer
10328,5080,2023-05-12,2023-05-15,Delivered,21.18,PayPal
10329,5131,2023-12-01,,Pending,21.18,Credit Card
10330,5109,2023-01-30,2023-02-01,Delivered,21.18,Debit Card
10331,5003,2023-12-04,2023-12-06,Delivered,21.18,Bank Transfer
10332,5027,2022-11-04,,Pending,21.18,PayPal
10333,5114,2022-07-02,2022-07-03,Delivered,21.18,Debit Card
10334,5107,2023-09-21,2023-09-27,Shipped,21.18,Debit Card
10335,5040,2023-05-25,2023-06-01,Delivered,21.18,Credit Card
10336,5161,2023-06-30,2023-07-04,Cancelled,21.18,Credit Card
10337,5129,2023-09-16,,Pending,21.18,Debit Card
10338,5008,2023-08-17,2023-08-23,Returned,21.18,Debit Card
10339,5101,2024-01-14,2024-01-19,Delivered,21.18,Bank Transfer
10340,5160,2023-07-08,2023-07-14,Shipped,21.18,Debit Card
10341,5124,2022-01-21,,Pending,21.18,Bank Transfer
10342,5176,2023-07-08,2023-07-12,Delivered,21.18,Debit Card
10343,5107,2023-02-01,2023-02-03,Delivered,21.18,Credit Card
10344,5101,2023-09-17,2023-09-22,Delivered,21.18,Bank Transfer
10345,5004,2022-04-15,,Pending,21.18,PayPal
10346,5198,2022-07-11,,Pending,21.18,Credit Card
10347,5110,2022-01-17,2022-01-20,Delivered,21.18,Bank Transfer
10348,5019,2025-02-17,2025-02-21,Shipped,21.18,Bank Transfer
10349,5032,2023-01-28,2023-02-01,Shipped,21.18,PayPal
10350,5137,2023-03-01,2023-03-06,Shipped,21.18,Bank Transfer
10351,5012,2022-05-09,2022-05-15,Delivered,21.18,Debit Card
10352,5139,2025-02-27,2025-03-02,Cancelled,21.18,PayPal
10353,5046,2023-07-26,2023-07-29,Delivered,21.18,Credit Card
10354,5119,2022-01-29,2022-02-01,Cancelled,21.18,Credit Card
10355,5016,2025-01-25,2025-01-28,Delivered,21.18,Debit Card
10356,5129,2024-10-30,2024-11-04,Delivered,21.18,Credit Card
10357,5063,2022-08-30,2022-09-03,Shipped,21.18,Bank Transfer
10358,5109,2022-08-20,2022-08-24,Delivered,21.18,Bank Transfer
10359,5119,2024-02-28,2024-02-29,Returned,21.18,Debit Card
10360,5021,2023-12-16,2023-12-23,Delivered,21.18,Credit Card
10361,5158,2024-01-29,2024-02-04,Delivered,21.18,Credit Card
10362,5013,2024-03-12,2024-03-16,Delivered,21.18,Debit Card
10363,5162,2024-02-15,2024-02-22,Shipped,21.18,PayPal
10364,5004,2023-12-27,2024-01-03,Cancelled,21.18,Credit Card
10365,5156,2022-07-19,2022-07-22,Delivered,21.18,PayPal
10366,5102,2024-08-02,2024-08-04,Delivered,21.18,Credit Card
10367,5059,2022-03-20,2022-03-23,Delivered,21.18,Credit Card
10368,5128,2024-08-13,2024-08-16,Delivered,21.18,Credit Card
10369,5027,2024-05-05,,Pending,21.18,Credit Card
10370,5069,2025-04-11,2025-04-12,Delivered,21.18,Bank Transfer
10371,5025,2023-04-12,2023-04-17,Shipped,21.18,PayPal
10372,5131,2023-08-04,2023-08-11,Delivered,21.18,PayPal
10373,5097,2024-07-28,2024-07-30,Delivered,21.18,Credit Card
10374,5196,2023-03-25,2023-03-31,Delivered,21.18,Credit Card
10375,5025,2022-03-28,2022-03-30,Delivered,21.18,PayPal
10376,5148,2022-04-11,2022-04-12,Delivered,21.18,Bank Transfer
10377,5162,2024-10-28,2024-10-31,Shipped,21.18,Debit Card
10378,5154,2024-04-24,2024-04-29,Delivered,21.18,Debit Card
10379,5126,2022-03-28,2022-04-02,Shipped,21.18,PayPal
10380,5133,2022-02-12,2022-02-17,Delivered,21.18,Credit Card
10381,5189,2023-02-12,2023-02-18,Shipped,21.18,Credit Card
10382,5009,2023-10-26,2023-10-30,Shipped,21.18,Bank Transfer
10383,5116,2024-11-06,2024-11-09,Delivered,21.18,Debit Card
10384,5178,2022-05-28,,Pending,21.18,Bank Transfer
10385,5134,2022-10-04,2022-10-06,Delivered,21.18,Debit Card
10386,5060,2022-08-20,2022-08-23,Delivered,21.18,PayPal
10387,5172,2023-01-01,,Pending,21.18,Debit Card
10388,5121,2023-03-12,2023-03-16,Delivered,21.18,Bank Transfer
10389,5139,2023-02-03,,Pending,21.18,Bank Transfer
10390,5194,2023-05-14,2023-05-21,Shipped,21.18,Bank Transfer
10391,5175,2023-06-24,2023-06-26,Delivered,21.18,PayPal
10392,5108,2023-07-17,,Pending,21.18,Debit Card
10393,5108,2023-03-18,2023-03-23,Delivered,21.18,Debit Card
10394,5131,2024-02-12,,Pending,21.18,Bank Transfer
10395,5076,2022-12-16,2022-12-22,Shipped,21.18,Debit Card
10396,5030,2023-06-04,2023-06-07,Delivered,21.18,Credit Card
10397,5021,2022-05-18,2022-05-21,Delivered,21.18,Credit Card
10398,5156,2024-09-18,2024-09-25,Shipped,21.18,Credit Card
10399,5190,2023-01-03,2023-01-10,Delivered,21.18,Debit Card
10400,5161,2022-12-26,2022-12-30,Shipped,21.18,PayPal
10401,5163,2024-07-09,2024-07-15,Delivered,21.18,PayPal
10402,5180,2022-11-25,2022-12-01,Delivered,21.18,PayPal
10403,5034,2024-08-19,2024-08-25,Delivered,21.18,PayPal
10404,5041,2023-04-08,2023-04-12,Cancelled,21.18,Credit Card
10405,5051,2024-08-03,2024-08-07,Delivered,21.18,Credit Card
10406,5175,2024-08-20,2024-08-22,Cancelled,21.18,Bank Transfer
10407,5082,2024-04-15,2024-04-21,Delivered,21.18,Debit Card
10408,5058,2022-06-18,2022-06-25,Returned,21.18,Debit Card
10409,5075,2022-08-05,,Pending,21.18,PayPal
10410,5185,2023-01-13,2023-01-15,Delivered,21.18,Credit Card
10411,5023,2022-04-29,2022-05-01,Delivered,21.18,PayPal
10412,5176,2022-07-09,2022-07-15,Delivered,21.18,Bank Transfer
10413,5128,2024-02-06,2024-02-11,Delivered,21.18,Debit Card
10414,5150,2023-01-05,2023-01-09,Delivered,21.18,Debit Card
10415,5017,2022-05-29,,Pending,21.18,PayPal
10416,5069,2023-10-14,2023-10-19,Shipped,21.18,Bank Transfer
10417,5108,2024-02-09,2024-02-15,Delivered,21.18,Debit Card
10418,5139,2023-01-09,2023-01-10,Delivered,21.18,Bank Transfer
10419,5094,2024-02-20,2024-02-25,Returned,21.18,Bank Transfer
10420,5015,2022-06-09,2022-06-10,Delivered,21.18,PayPal
10421,5091,2022-12-17,2022-12-24,Returned,21.18,Credit Card
10422,5163,2024-06-10,2024-06-17,Delivered,21.18,PayPal
10423,5033,2023-06-07,2023-06-08,Shipped,21.18,Credit Card
10424,5125,2023-06-06,2023-06-13,Shipped,21.18,Bank Transfer
10425,5016,2024-02-22,2024-02-28,Delivered,21.18,Credit Card
10426,5162,2022-09-30,2022-10-01,Delivered,21.18,Bank Transfer
10427,5066,2024-07-24,,Pending,21.18,Debit Card
10428,5168,2022-07-02,2022-07-03,Delivered,21.18,Debit Card
10429,5156,2023-05-03,2023-05-07,Returned,21.18,Debit Card
10430,5047,2024-04-25,2024-04-27,Delivered,21.18,PayPal
10431,5167,2022-05-04,2022-05-11,Delivered,21.18,PayPal
10432,5198,2024-09-11,2024-09-17,Delivered,21.18,Bank Transfer
10433,5148,2024-02-29,2024-03-02,Shipped,21.18,Debit Card
10434,5124,2023-02-18,2023-02-19,Delivered,21.18,PayPal
10435,5001,2025-04-10,2025-04-16,Delivered,21.18,Debit Card
10436,5200,2023-11-17,,Pending,21.18,PayPal
10437,5087,2022-04-23,2022-04-24,Delivered,21.18,Credit Card
10438,5128,2024-06-06,2024-06-08,Delivered,21.18,Credit Card
10439,5191,2022-05-02,2022-05-07,Delivered,21.18,Debit Card
10440,5067,2022-02-08,2022-02-12,Cancelled,21.18,Bank Transfer
10441,5004,2023-05-12,2023-05-15,Shipped,21.18,PayPal
10442,5186,2024-02-19,2024-02-20,Delivered,21.18,PayPal
10443,5153,2024-07-31,2024-08-05,Delivered,21.18,Credit Card
10444,5047,2022-05-29,2022-06-04,Cancelled,21.18,Credit Card
10445,5038,2024-10-18,2024-10-24,Shipped,21.18,Bank Transfer
10446,5143,2023-10-23,2023-10-28,Delivered,21.18,Bank Transfer
10447,5191,2022-10-29,2022-11-02,Delivered,21.18,Bank Transfer
10448,5021,2022-08-26,2022-09-01,Shipped,21.18,Debit Card
10449,5057,2023-10-09,2023-10-13,Shipped,21.18,Credit Card
10450,5117,2023-10-25,2023-10-26,Delivered,21.18,Debit Card
10451,5181,2022-08-24,2022-08-25,Delivered,21.18,Credit Card
10452,5046,2022-07-22,2022-07-27,Delivered,21.18,Credit Card
10453,5142,2022-09-13,2022-09-18,Delivered,21.18,PayPal
10454,5145,2023-08-21,2023-08-25,Delivered,21.18,Credit Card
10455,5039,2023-10-24,2023-10-25,Delivered,21.18,Credit Card
10456,5137,2022-08-23,2022-08-24,Shipped,21.18,Debit Card
10457,5099,2023-06-18,2023-06-23,Cancelled,21.18,Credit Card
10458,5077,2024-05-09,2024-05-15,Shipped,21.18,Debit Card
10459,5115,2024-02-09,2024-02-12,Delivered,21.18,Bank Transfer
10460,5134,2023-06-25,,Pending,21.18,Credit Card
10461,5151,2022-08-01,2022-08-04,Shipped,21.18,Credit Card
10462,5187,2023-04-08,2023-04-09,Delivered,21.18,Debit Card
10463,5091,2023-03-12,2023-03-17,Shipped,21.18,Bank Transfer
10464,5098,2022-10-10,2022-10-17,Delivered,21.18,PayPal
10465,5120,2022-03-29,,Pending,21.18,Bank Transfer
10466,5046,2024-12-03,2024-12-09,Delivered,21.18,Debit Card
10467,5038,2023-04-06,2023-04-10,Delivered,21.18,Bank Transfer
10468,5142,2022-10-05,,Pending,21.18,Debit Card
10469,5100,2023-02-25,2023-02-27,Shipped,21.18,Debit Card
10470,5072,2023-11-27,2023-11-28,Delivered,21.18,PayPal
10471,5190,2023-05-30,2023-05-31,Delivered,21.18,Credit Card
10472,5035,2023-12-04,2023-12-09,Delivered,21.18,Debit Card
10473,5147,2022-01-19,2022-01-21,Delivered,21.18,Debit Card
10474,5030,2022-01-23,2022-01-25,Delivered,21.18,PayPal
10475,5078,2023-02-17,,Pending,21.18,Debit Card
10476,5084,2024-11-19,2024-11-24,Delivered,21.18,Credit Card
10477,5113,2022-04-18,2022-04-23,Returned,21.18,PayPal
10478,5025,2025-02-25,2025-02-28,Delivered,21.18,Credit Card
10479,5168,2025-02-08,2025-02-15,Delivered,21.18,Credit Card
10480,5088,2022-05-16,2022-05-19,Delivered,21.18,PayPal
10481,5014,2022-12-28,2022-12-31,Delivered,21.18,Debit Card
10482,5154,2022-05-09,2022-05-16,Delivered,21.18,Credit Card
10483,5102,2023-05-30,2023-06-03,Delivered,21.18,Credit Card
10484,5150,2023-03-25,2023-03-26,Returned,21.18,Credit Card
10485,5176,2025-02-01,2025-02-04,Shipped,21.18,Credit Card
10486,5083,2024-05-23,,Pending,21.18,PayPal
10487,5110,2023-04-18,2023-04-22,Delivered,21.18,PayPal
10488,5179,2024-10-30,2024-11-04,Delivered,21.18,Bank Transfer
10489,5131,2022-10-29,2022-10-31,Shipped,21.18,Bank Transfer
10490,5170,2022-08-19,2022-08-25,Shipped,21.18,Credit Card
10491,5019,2024-07-11,,Pending,21.18,Debit Card
10492,5028,2024-12-25,2024-12-28,Shipped,21.18,Credit Card
10493,5173,2024-07-25,2024-07-31,Delivered,21.18,Debit Card
10494,5071,2022-04-22,2022-04-29,Delivered,21.18,Credit Card
10495,5063,2024-11-02,2024-11-09,Delivered,21.18,Bank Transfer
10496,5073,2023-05-15,2023-05-16,Delivered,21.18,Bank Transfer
10497,5124,2024-07-20,,Pending,21.18,Debit Card
10498,5119,2023-08-21,2023-08-28,Shipped,21.18,Credit Card
10499,5121,2022-08-22,2022-08-28,Delivered,21.18,Debit Card
10500,5019,2023-08-25,2023-09-01,Returned,21.18,Bank Transfer
